Campaign,Ad Group,Keyword,Match Type,Final URL
Mobilier Search,Express 72h,location chaises urgent,Phrase,https://evenox.ca/
Mobilier Search,Express 72h,location tables chaises urgent,Phrase,https://evenox.ca/
Mobilier Search,Express 72h,louer chaises cette fin de semaine,Phrase,https://evenox.ca/
Mobilier Search,Express 72h,location chaises 72h,Phrase,https://evenox.ca/
Mobilier Search,Express 72h,tables chaises express,Phrase,https://evenox.ca/
Mobilier Search,Express 72h,location tables chaises express,Exact,https://evenox.ca/
Mobilier Search,Chaises Laval,location chaises Laval,Phrase,https://evenox.ca/location-chaises-laval/
Mobilier Search,Chaises Laval,louer chaises Laval,Phrase,https://evenox.ca/location-chaises-laval/
Mobilier Search,Chaises Laval,chaises pliantes location Laval,Phrase,https://evenox.ca/location-chaises-laval/
Mobilier Search,Chaises Laval,location de chaises à Laval,Exact,https://evenox.ca/location-chaises-laval/
Mobilier Search,Chaises Sainte-Therese,location chaises Sainte-Thérèse,Phrase,https://evenox.ca/location-chaises-sainte-therese/
Mobilier Search,Chaises Sainte-Therese,louer chaises Sainte-Thérèse,Phrase,https://evenox.ca/location-chaises-sainte-therese/
Mobilier Search,Chaises Sainte-Therese,location chaises Ste-Thérèse,Phrase,https://evenox.ca/location-chaises-sainte-therese/
Mobilier Search,Chaises Blainville,location chaises Blainville,Phrase,https://evenox.ca/location-chaises-blainville/
Mobilier Search,Tables chaises location,location tables et chaises,Phrase,https://evenox.ca/location-tables-chaises/
Mobilier Search,Tables chaises location,location tables chaises,Phrase,https://evenox.ca/location-tables-chaises/
Mobilier Search,Tables chaises location,louer tables et chaises,Phrase,https://evenox.ca/location-tables-chaises/
Mobilier Search,Tables chaises location,location de tables et chaises,Exact,https://evenox.ca/location-tables-chaises/
Mobilier Search,Mobilier cle en main,forfait tables chaises,Phrase,https://evenox.ca/forfaits-tables-chaises/
Mobilier Search,Mobilier cle en main,location tables chaises clé en main,Phrase,https://evenox.ca/forfaits-tables-chaises/
Mobilier Search,Mobilier cle en main,tables chaises tout inclus,Phrase,https://evenox.ca/forfaits-tables-chaises/
Mobilier Search,Mobilier cle en main,tables chaises livré placé,Phrase,https://evenox.ca/forfaits-tables-chaises/
Mobilier Search,Mobilier cle en main,forfait mobilier événement,Phrase,https://evenox.ca/forfait-mobilier-reception/
Mobilier Search,Mobilier cle en main,location mobilier clé en main,Phrase,https://evenox.ca/forfaits-tables-chaises/
Mobilier Search,Mobilier cle en main,forfait tables et chaises,Exact,https://evenox.ca/forfaits-tables-chaises/
Jeux Search,Gonflables hub,location jeux gonflables,Phrase,https://evenox.ca/location-jeux-gonflables/
Jeux Search,Gonflables hub,location château gonflable,Phrase,https://evenox.ca/location-jeux-gonflables/
Jeux Search,Gonflables hub,location de jeux gonflables,Exact,https://evenox.ca/location-jeux-gonflables/
Jeux Search,Gonflables Laval,jeux gonflables Laval,Phrase,https://evenox.ca/location-jeux-gonflables-laval/
Jeux Search,Gonflables Laval,location jeux gonflables Laval,Phrase,https://evenox.ca/location-jeux-gonflables-laval/
Jeux Search,Gonflables Laval,château gonflable location Laval,Phrase,https://evenox.ca/location-jeux-gonflables-laval/
Jeux Search,Gonflables Laval,jeux gonflables Laval,Exact,https://evenox.ca/location-jeux-gonflables-laval/
Jeux Search,Jeux geo,location jeux géants Laval,Phrase,https://evenox.ca/jeux-laval/
Jeux Search,Jeux geo,jeux géants location Rive-Nord,Phrase,https://evenox.ca/jeux-rive-nord/
Jeux Search,Forfait cle en main,forfait fête enfants,Phrase,https://evenox.ca/forfaits-fete-enfants/
Jeux Search,Forfait cle en main,forfait anniversaire clé en main,Phrase,https://evenox.ca/forfaits-fete-enfants/
Jeux Search,Forfait cle en main,fête enfants tout inclus,Phrase,https://evenox.ca/forfaits-fete-enfants/
Jeux Search,Forfait cle en main,forfait jeux gonflables,Phrase,https://evenox.ca/forfait-jeux-essentiel/
Jeux Search,Forfait cle en main,location jeux clé en main,Phrase,https://evenox.ca/forfaits-fete-enfants/
Jeux Search,Forfait cle en main,anniversaire clé en main Laval,Phrase,https://evenox.ca/forfaits-fete-enfants/
Jeux Search,Forfait cle en main,forfait fête d'enfants,Exact,https://evenox.ca/forfaits-fete-enfants/
Photobooth Search,Photobooth location,location photobooth,Phrase,https://evenox.ca/photobooth/
Photobooth Search,Photobooth location,location de photobooth,Exact,https://evenox.ca/photobooth/
Photobooth Search,Photobooth Laval,location photobooth Laval,Phrase,https://evenox.ca/location-photobooth-laval/
Photobooth Search,Photobooth Laval,photobooth Laval,Phrase,https://evenox.ca/location-photobooth-laval/
Photobooth Search,Photobooth Laval,location photobooth Laval,Exact,https://evenox.ca/location-photobooth-laval/
Photobooth Search,Photobooth Montreal,photobooth Montréal location,Phrase,https://evenox.ca/location-photobooth-montreal/
Photobooth Search,Photobooth Montreal,location photobooth Montréal,Phrase,https://evenox.ca/location-photobooth-montreal/
Photobooth Search,Photobooth Rive-Nord,louer photobooth Rive-Nord,Phrase,https://evenox.ca/location-photobooth-rive-nord/
Photobooth Search,Videobooth 360,location vidéobooth 360,Phrase,https://evenox.ca/location-videobooth-360/
Photobooth Search,Videobooth 360,photobooth 360 Laval,Phrase,https://evenox.ca/location-videobooth-360/
Photobooth Search,Videobooth 360,vidéobooth 360 Montréal,Phrase,https://evenox.ca/location-videobooth-360/
Photobooth Search,Videobooth 360,vidéobooth 360,Exact,https://evenox.ca/location-videobooth-360/
Photobooth Search,Forfait cle en main,forfait photobooth,Phrase,https://evenox.ca/forfaits-photobooth/
Photobooth Search,Forfait cle en main,photobooth clé en main,Phrase,https://evenox.ca/forfaits-photobooth/
Photobooth Search,Forfait cle en main,photobooth tout inclus,Phrase,https://evenox.ca/forfaits-photobooth/
Photobooth Search,Forfait cle en main,forfait vidéobooth 360,Phrase,https://evenox.ca/forfaits-photobooth/
Photobooth Search,Forfait cle en main,location photobooth clé en main,Phrase,https://evenox.ca/forfaits-photobooth/
Photobooth Search,Forfait cle en main,forfait photobooth,Exact,https://evenox.ca/forfaits-photobooth/
Corpo Search,5 a 7 party bureau,forfait 5 à 7,Phrase,https://evenox.ca/forfait-5-a-7-equipe/
Corpo Search,5 a 7 party bureau,animation 5 à 7 entreprise,Phrase,https://evenox.ca/forfait-5-a-7-equipe/
Corpo Search,5 a 7 party bureau,party de bureau clé en main,Phrase,https://evenox.ca/forfait-party-de-bureau/
Corpo Search,5 a 7 party bureau,forfait party de bureau,Phrase,https://evenox.ca/forfait-party-de-bureau/
Corpo Search,Noel gala,party Noël entreprise,Phrase,https://evenox.ca/forfait-party-de-noel-entreprise/
Corpo Search,Noel gala,forfait party Noël entreprise,Phrase,https://evenox.ca/forfait-party-de-noel-entreprise/
Corpo Search,Noel gala,gala corporatif animation,Phrase,https://evenox.ca/forfait-gala-signature/
Corpo Search,Noel gala,forfait gala corporatif,Phrase,https://evenox.ca/forfait-gala-signature/
