Campaign,Ad Group,Ad Group Status
S-FR | Marque,Marque Évenox,Enabled
S-FR | Corporatif & Fêtes,Fête de Noël d'entreprise,Enabled
S-FR | Corporatif & Fêtes,Lettres lumineuses corporatif,Enabled
S-FR | Corporatif & Fêtes,Photobooth corporatif,Enabled
S-FR | Corporatif & Fêtes,Mobilier corporatif,Enabled
S-FR | Corporatif & Fêtes,Team building,Enabled
S-FR | Produits vedettes,Lettres lumineuses,Enabled
S-FR | Produits vedettes,Photobooth,Enabled
S-FR | Produits vedettes,Mobilier lounge et cocktail,Enabled
S-FR | Mariage,Lettres lumineuses mariage,Enabled
S-FR | Mariage,Photobooth mariage,Enabled
S-FR | Mariage,Mobilier lounge mariage,Enabled
S-EN | Corporate Montréal,Holiday party (EN),Enabled
S-EN | Corporate Montréal,Marquee letters (EN),Enabled
S-EN | Corporate Montréal,Photo booth (EN),Enabled
S-EN | Corporate Montréal,Lounge furniture (EN),Enabled
S-FR | Québec-Lévis (test),Corporatif Québec,Enabled
