Campaign,Ad Group,Ad type,Final URL,Path 1,Path 2,Headline 1,Headline 1 position,Headline 2,Headline 2 position,Headline 3,Headline 3 position,Headline 4,Headline 4 position,Headline 5,Headline 5 position,Headline 6,Headline 6 position,Headline 7,Headline 7 position,Headline 8,Headline 8 position,Headline 9,Headline 9 position,Headline 10,Headline 10 position,Headline 11,Headline 11 position,Headline 12,Headline 12 position,Headline 13,Headline 13 position,Headline 14,Headline 14 position,Headline 15,Headline 15 position,Description 1,Description 2,Description 3,Description 4,Status
S-FR | Marque,Marque Évenox,Responsive search ad,https://evenox.ca/,location,evenements,Évenox | Site officiel,1,Évenox location événementielle,,Location clé en main,,Lettres lumineuses 4 pi,,Photobooth et borne photo,,Mobilier lounge et cocktail,,"Note Google 4,8/5",,Plus de 1 000 événements,,Soumission en 24 h,,Réservation en ligne 24/7,,Mariages et entreprises,,"Montréal, Laval, Rive-Nord",,Basés à Sainte-Thérèse,,Service premium sans tracas,,Réservez votre date,,"Location événementielle haut de gamme : lettres lumineuses, photobooth et mobilier.","Plus de 1 000 événements depuis 2022, note Google de 4,8/5. Soumission en 24 h.","Livraison, installation et reprise par notre équipe. Réservation en ligne en tout temps.","Montréal, Laval, Rive-Nord, Laurentides, Québec et Lévis. Mariages et entreprises.",Enabled
S-FR | Corporatif & Fêtes,Fête de Noël d'entreprise,Responsive search ad,https://evenox.ca/nos-forfaits-tout-inclus,fetes,entreprise,Fête de Noël d'entreprise,1,Réception des Fêtes,,Décor des Fêtes corporatif,,Lettres lumineuses et lounge,,Photobooth pour vos employés,,Forfait gala 2 900 $,,Mobilier cocktail et lounge,,Décembre se réserve tôt,,Réservez votre date,,Soumission en 24 h,,"Montréal, Laval, Rive-Nord",,"Note Google 4,8/5",,Installation par nos équipes,,Une soirée à votre image,,Surclassement offert,,"Lettres lumineuses, photobooth et mobilier lounge pour votre fête de Noël d'entreprise.",Les vendredis de décembre partent vite. Réservez tôt votre décor des Fêtes clé en main.,"Forfaits lounge 850 $, cocktail 1 100 $ à 1 400 $ et gala 2 900 $. Soumission en 24 h.","Livraison, installation et reprise par notre équipe. Surclassement offert selon forfait.",Enabled
S-FR | Corporatif & Fêtes,Lettres lumineuses corporatif,Responsive search ad,https://evenox.ca/configurateur,lettres,corporatif,Lettres lumineuses 4 pi,1,Location lettres géantes,,Votre marque en lumière,,Pour galas et lancements,,Location haut de gamme,,Installation clé en main,,"Montréal, Laval, Rive-Nord",,Événements d'entreprise,,Soumission en 24 h,,"Note Google 4,8/5",,Plus de 1 000 événements,,Activations de marque,,Un décor qui fait parler,,Service premium sans tracas,,Réservez vos lettres 4 pi,,Lettres lumineuses de 4 pi livrées et installées par notre équipe. Soumission en 24 h.,"Galas, lancements, fêtes de fin d'année : mettez votre marque en lumière, clé en main.","Montréal, Laval, Rive-Nord, Laurentides et Québec. Plus de 1 000 événements réalisés.",Location haut de gamme pour entreprises exigeantes. Surclassement offert selon forfait.,Enabled
S-FR | Corporatif & Fêtes,Photobooth corporatif,Responsive search ad,https://evenox.ca/location-photobooth-montreal,photobooth,entreprise,Photobooth corporatif,,Borne photo pour entreprise,,Forfaits 650 $ à 1 495 $,2,Photos à l'image de la marque,,Votre logo sur chaque photo,,"Galas, congrès, Noël",,Activations de marque,,Partage numérique instantané,,Installation clé en main,,Soumission en 24 h,,"Montréal, Laval, Rive-Nord",,"Note Google 4,8/5",,Plus de 1 000 événements,,Forfait Legend 1 495 $,,Réservez votre photobooth,,"Photobooth Signature 650 $, Prestige 825 $, Iconic 1 095 $ ou Legend 1 495 $.","Votre logo et vos couleurs sur chaque photo. Idéal pour galas, congrès et fêtes de Noël.","Livraison, installation et préposé inclus selon forfait. Soumission détaillée en 24 h.","Montréal, Laval, Rive-Nord, Laurentides et Québec. Accessoire bonus offert selon forfait.",Enabled
S-FR | Corporatif & Fêtes,Mobilier corporatif,Responsive search ad,https://evenox.ca/nos-forfaits-tout-inclus,mobilier,forfaits,Mobilier lounge événementiel,,Forfait lounge 850 $,2,Cocktail 1 100 $ à 1 400 $,,Forfait gala 2 900 $,,Location mobilier cocktail,,Livraison et installation,,Forfaits clés en main,,"Galas, cocktails, lancements",,Mobilier haut de gamme,,Soumission en 24 h,,"Montréal, Laval, Rive-Nord",,"Note Google 4,8/5",,Plus de 1 000 événements,,Un lounge à votre image,,Réservez votre forfait,,"Forfaits lounge 850 $, cocktail 1 100 $ à 1 400 $ et gala 2 900 $, clés en main.","Mobilier haut de gamme livré, installé et repris par notre équipe. Soumission en 24 h.","Cocktails dînatoires, galas, lancements et mariages : un décor complet, sans tracas.","Montréal, Laval, Rive-Nord, Laurentides et Québec. Surclassement offert selon forfait.",Enabled
S-FR | Corporatif & Fêtes,Team building,Responsive search ad,https://evenox.ca/team-building-activitecorpo,team-building,entreprise,Team building clé en main,1,Activités team building,,Jeux géants pour entreprise,,Animation selon forfait,,"Montréal, Laval, Rive-Nord",,Livraison et installation,,Soumission en 24 h,,"Note Google 4,8/5",,Plus de 1 000 événements,,Idéal pour vos 5 à 7,,Activité d'équipe sur place,,Facturation net 30,,Réservez votre date,,Service premium sans tracas,,"Votre équipe, mobilisée",,"Activités team building clés en main : livraison, installation et reprise incluses.","Jeux géants, photobooth et lounge pour vos 5 à 7, fêtes de bureau et journées d'équipe.","Montréal, Laval, Rive-Nord et Laurentides. Facturation net 30 pour les entreprises.","Plus de 1 000 événements réalisés, note Google 4,8/5. Soumission détaillée en 24 h.",Enabled
S-FR | Produits vedettes,Lettres lumineuses,Responsive search ad,https://evenox.ca/configurateur,lettres,lumineuses,Location lettres lumineuses,1,Lettres géantes de 4 pi,,Votre message en lumière,,"Initiales, logo, chiffres",,Location haut de gamme,,Installation clé en main,,"Montréal, Laval, Rive-Nord",,Mariages et entreprises,,Soumission en 24 h,,"Note Google 4,8/5",,Plus de 1 000 événements,,"Livrées, montées, reprises",,Un décor qui fait parler,,Service premium sans tracas,,Réservez vos lettres 4 pi,,Lettres lumineuses de 4 pi livrées et installées par notre équipe. Soumission en 24 h.,"Initiales, logo, LOVE ou chiffres : un décor lumineux pour mariages et galas.","Montréal, Laval, Rive-Nord, Laurentides et Québec. Plus de 1 000 événements réalisés.","Location haut de gamme, sans tracas. Surclassement offert selon forfait.",Enabled
S-FR | Produits vedettes,Photobooth,Responsive search ad,https://evenox.ca/location-photobooth-montreal,photobooth,forfaits,Location photobooth,,Borne photo à louer,,Forfaits 650 $ à 1 495 $,2,Impressions personnalisées,,Partage numérique instantané,,"Mariages, galas, fêtes",,Installation clé en main,,Préposé inclus selon forfait,,Soumission en 24 h,,"Montréal, Laval, Rive-Nord",,"Note Google 4,8/5",,Plus de 1 000 événements,,Forfait Legend 1 495 $,,Un photobooth élégant,,Réservez votre photobooth,,"Photobooth Signature 650 $, Prestige 825 $, Iconic 1 095 $ ou Legend 1 495 $.","Impressions personnalisées et partage numérique pour mariages, galas et fêtes.","Livraison, installation et préposé inclus selon forfait. Soumission détaillée en 24 h.","Montréal, Laval, Rive-Nord, Laurentides et Québec. Accessoire bonus offert selon forfait.",Enabled
S-FR | Produits vedettes,Mobilier lounge et cocktail,Responsive search ad,https://evenox.ca/nos-forfaits-tout-inclus,mobilier,forfaits,Mobilier lounge événementiel,,Forfait lounge 850 $,2,Cocktail 1 100 $ à 1 400 $,,Forfait gala 2 900 $,,Location mobilier cocktail,,Livraison et installation,,Forfaits clés en main,,"Galas, cocktails, lancements",,Mobilier haut de gamme,,Soumission en 24 h,,"Montréal, Laval, Rive-Nord",,"Note Google 4,8/5",,Plus de 1 000 événements,,Un lounge à votre image,,Réservez votre forfait,,"Forfaits lounge 850 $, cocktail 1 100 $ à 1 400 $ et gala 2 900 $, clés en main.","Mobilier haut de gamme livré, installé et repris par notre équipe. Soumission en 24 h.","Cocktails dînatoires, galas, lancements et mariages : un décor complet, sans tracas.","Montréal, Laval, Rive-Nord, Laurentides et Québec. Surclassement offert selon forfait.",Enabled
S-FR | Mariage,Lettres lumineuses mariage,Responsive search ad,https://evenox.ca/configurateur,lettres,mariage,Lettres lumineuses mariage,1,Lettres géantes de 4 pi,,Vos initiales en lumière,,"LOVE, MR & MRS, vos initiales",,Location haut de gamme,,Installation clé en main,,"Montréal, Laval, Laurentides",,Un décor de mariage élégant,,Soumission en 24 h,,"Note Google 4,8/5",,Plus de 1 000 événements,,Réservez votre date,,Photos de mariage mémorables,,"Livrées, montées, reprises",,Service premium sans tracas,,"Lettres lumineuses de 4 pi pour votre mariage, livrées et installées par notre équipe.","Initiales, LOVE ou MR & MRS : un décor élégant qui sublime vos photos de mariage.",Les samedis d'été partent vite. Vérifiez la disponibilité de votre date dès aujourd'hui.,"Clé en main à Montréal, Laval, Rive-Nord, Laurentides et Québec. Soumission en 24 h.",Enabled
S-FR | Mariage,Photobooth mariage,Responsive search ad,https://evenox.ca/location-photobooth-montreal,photobooth,mariage,Photobooth mariage,,Borne photo pour mariage,,Forfaits 650 $ à 1 495 $,2,Forfait Signature 650 $,,Forfait Prestige 825 $,,Souvenirs pour vos invités,,Impressions personnalisées,,Installation clé en main,,Réservez votre date,,Soumission en 24 h,,"Montréal, Laval, Laurentides",,"Note Google 4,8/5",,Plus de 1 000 événements,,Un photobooth élégant,,Accessoire bonus offert,,"Photobooth Signature 650 $, Prestige 825 $, Iconic 1 095 $ ou Legend 1 495 $.",Impressions à vos noms et à votre date : un souvenir élégant pour chacun de vos invités.,Les samedis d'été partent vite. Vérifiez la disponibilité de votre date dès aujourd'hui.,"Livraison et installation par notre équipe à Montréal, Laval, Rive-Nord et Laurentides.",Enabled
S-FR | Mariage,Mobilier lounge mariage,Responsive search ad,https://evenox.ca/nos-forfaits-tout-inclus,mobilier,mariage,Mobilier lounge événementiel,,Forfait lounge 850 $,2,Cocktail 1 100 $ à 1 400 $,,Forfait gala 2 900 $,,Location mobilier cocktail,,Livraison et installation,,Forfaits clés en main,,Lounge pour votre mariage,,Mobilier haut de gamme,,Soumission en 24 h,,"Montréal, Laval, Rive-Nord",,"Note Google 4,8/5",,Plus de 1 000 événements,,Cocktail de mariage élégant,,Réservez votre forfait,,"Forfaits lounge 850 $, cocktail 1 100 $ à 1 400 $ et gala 2 900 $, clés en main.","Mobilier haut de gamme livré, installé et repris par notre équipe. Soumission en 24 h.","Cocktails dînatoires, galas, lancements et mariages : un décor complet, sans tracas.","Montréal, Laval, Rive-Nord, Laurentides et Québec. Surclassement offert selon forfait.",Enabled
S-EN | Corporate Montréal,Holiday party (EN),Responsive search ad,https://evenox.ca/nos-forfaits-tout-inclus,holiday-party,corporate,Corporate Holiday Parties,1,Turnkey holiday party decor,,Marquee letters and lounge,,Photo booth for your team,,"Gala package $2,900",,Cocktail and lounge furniture,,December books up early,,Reserve your date,,Quote within 24 hours,,"Montréal, Laval, North Shore",,Rated 4.8/5 on Google,,Installed by our crew,,An evening on brand,,Free upgrade available,,Premium event rentals,,"Marquee letters, photo booth and lounge furniture for your corporate holiday party.",December Fridays book up fast. Reserve your turnkey holiday party decor early.,"Lounge $850, cocktail $1,100 to $1,400, gala $2,900. Detailed quote within 24 hours.","Delivery, setup and pickup handled by our crew. Free upgrade on select packages.",Enabled
S-EN | Corporate Montréal,Marquee letters (EN),Responsive search ad,https://evenox.ca/configurateur,marquee,corporate,4-ft Marquee Letters,1,Light-Up Letter Rental,,Put your brand in lights,,For galas and launches,,Premium event rentals,,Turnkey installation,,"Montréal, Laval, North Shore",,Corporate events,,Quote within 24 hours,,Rated 4.8/5 on Google,,"1,000+ events delivered",,Brand activations,,A backdrop people remember,,"Premium, stress-free service",,Book your marquee letters,,4-ft illuminated letters delivered and installed by our crew. Quote within 24 hours.,"Galas, launches and holiday parties: put your brand in lights with turnkey service.","Serving Montréal, Laval, the North Shore, Laurentians and Québec City. 1,000+ events.",Premium rentals for demanding corporate teams. Free upgrade on select packages.,Enabled
S-EN | Corporate Montréal,Photo booth (EN),Responsive search ad,https://evenox.ca/location-photobooth-montreal,photo-booth,corporate,Corporate Photo Booth,,Branded photo booth rental,,"Packages $650 to $1,495",2,Your logo on every photo,,"Galas, conferences, holidays",,Brand activations,,Instant digital sharing,,Turnkey installation,,Quote within 24 hours,,"Montréal, Laval, North Shore",,Rated 4.8/5 on Google,,"1,000+ events delivered",,"Legend package $1,495",,Premium event rentals,,Book your photo booth,,"Photo booth packages: Signature $650, Prestige $825, Iconic $1,095, Legend $1,495.","Your logo and colours on every photo. Ideal for galas, conferences and holiday parties.","Delivery, setup and attendant included per package. Detailed quote within 24 hours.","Montréal, Laval, North Shore, Laurentians, Québec City. Bonus add-on on select packages.",Enabled
S-EN | Corporate Montréal,Lounge furniture (EN),Responsive search ad,https://evenox.ca/nos-forfaits-tout-inclus,furniture,packages,Event Lounge Furniture,,Lounge package $850,2,"Cocktail $1,100 to $1,400",,"Gala package $2,900",,Cocktail furniture rental,,Delivery and setup,,Turnkey packages,,"Galas, cocktails, launches",,Premium event furniture,,Quote within 24 hours,,"Montréal, Laval, North Shore",,Rated 4.8/5 on Google,,"1,000+ events delivered",,A lounge that fits your brand,,Reserve your package,,"Lounge $850, cocktail $1,100 to $1,400 and gala $2,900 packages, fully turnkey.","Premium furniture delivered, set up and picked up by our crew. Quote within 24 hours.","Cocktail receptions, galas, launches and weddings: a complete look, zero hassle.","Montréal, Laval, North Shore, Laurentians, Québec City. Free upgrade on select packages.",Enabled
S-FR | Québec-Lévis (test),Corporatif Québec,Responsive search ad,https://evenox.ca/nos-forfaits-tout-inclus,fetes,entreprise,Fête de Noël d'entreprise,1,Réception des Fêtes,,Décor des Fêtes corporatif,,Lettres lumineuses et lounge,,Photobooth pour vos employés,,Forfait gala 2 900 $,,Mobilier cocktail et lounge,,Décembre se réserve tôt,,Réservez votre date,,Soumission en 24 h,,"Montréal, Laval, Rive-Nord",,"Note Google 4,8/5",,Installation par nos équipes,,Une soirée à votre image,,Surclassement offert,,"Lettres lumineuses, photobooth et mobilier lounge pour votre fête de Noël d'entreprise.",Les vendredis de décembre partent vite. Réservez tôt votre décor des Fêtes clé en main.,"Forfaits lounge 850 $, cocktail 1 100 $ à 1 400 $ et gala 2 900 $. Soumission en 24 h.","Livraison, installation et reprise par notre équipe. Surclassement offert selon forfait.",Enabled
