Campaign,Sitelink text,Description line 1,Description line 2,Final URL
S-FR | Marque,Lettres lumineuses 4 pi,"Initiales, logo, LOVE, chiffres",Livrées et installées,https://evenox.ca/
S-FR | Marque,Forfaits photobooth,"Signature, Prestige, Iconic",Legend : 650 $ à 1 495 $,https://evenox.ca/
S-FR | Marque,Mobilier lounge et gala,"Lounge 850 $, gala 2 900 $",Cocktail 1 100 $ à 1 400 $,https://evenox.ca/
S-FR | Marque,Événements d'entreprise,"Galas, lancements, congrès",Fêtes de fin d'année,https://evenox.ca/
S-FR | Marque,Mariages,"Décor, photobooth, lettres",Réservez votre date,https://evenox.ca/
S-FR | Marque,Réalisations,Plus de 1 000 événements,Voyez nos décors en photos,https://evenox.ca/
S-FR | Marque,Demander une soumission,Réponse en moins de 24 h,Conseiller dédié,https://evenox.ca/
S-FR | Marque,Zones desservies,"Montréal, Laval, Rive-Nord","Laurentides, Québec, Lévis",https://evenox.ca/
S-FR | Corporatif & Fêtes,Lettres lumineuses 4 pi,"Initiales, logo, LOVE, chiffres",Livrées et installées,https://evenox.ca/
S-FR | Corporatif & Fêtes,Forfaits photobooth,"Signature, Prestige, Iconic",Legend : 650 $ à 1 495 $,https://evenox.ca/
S-FR | Corporatif & Fêtes,Mobilier lounge et gala,"Lounge 850 $, gala 2 900 $",Cocktail 1 100 $ à 1 400 $,https://evenox.ca/
S-FR | Corporatif & Fêtes,Événements d'entreprise,"Galas, lancements, congrès",Fêtes de fin d'année,https://evenox.ca/
S-FR | Corporatif & Fêtes,Mariages,"Décor, photobooth, lettres",Réservez votre date,https://evenox.ca/
S-FR | Corporatif & Fêtes,Réalisations,Plus de 1 000 événements,Voyez nos décors en photos,https://evenox.ca/
S-FR | Corporatif & Fêtes,Demander une soumission,Réponse en moins de 24 h,Conseiller dédié,https://evenox.ca/
S-FR | Corporatif & Fêtes,Zones desservies,"Montréal, Laval, Rive-Nord","Laurentides, Québec, Lévis",https://evenox.ca/
S-FR | Produits vedettes,Lettres lumineuses 4 pi,"Initiales, logo, LOVE, chiffres",Livrées et installées,https://evenox.ca/
S-FR | Produits vedettes,Forfaits photobooth,"Signature, Prestige, Iconic",Legend : 650 $ à 1 495 $,https://evenox.ca/
S-FR | Produits vedettes,Mobilier lounge et gala,"Lounge 850 $, gala 2 900 $",Cocktail 1 100 $ à 1 400 $,https://evenox.ca/
S-FR | Produits vedettes,Événements d'entreprise,"Galas, lancements, congrès",Fêtes de fin d'année,https://evenox.ca/
S-FR | Produits vedettes,Mariages,"Décor, photobooth, lettres",Réservez votre date,https://evenox.ca/
S-FR | Produits vedettes,Réalisations,Plus de 1 000 événements,Voyez nos décors en photos,https://evenox.ca/
S-FR | Produits vedettes,Demander une soumission,Réponse en moins de 24 h,Conseiller dédié,https://evenox.ca/
S-FR | Produits vedettes,Zones desservies,"Montréal, Laval, Rive-Nord","Laurentides, Québec, Lévis",https://evenox.ca/
S-FR | Mariage,Lettres lumineuses 4 pi,"Initiales, logo, LOVE, chiffres",Livrées et installées,https://evenox.ca/
S-FR | Mariage,Forfaits photobooth,"Signature, Prestige, Iconic",Legend : 650 $ à 1 495 $,https://evenox.ca/
S-FR | Mariage,Mobilier lounge et gala,"Lounge 850 $, gala 2 900 $",Cocktail 1 100 $ à 1 400 $,https://evenox.ca/
S-FR | Mariage,Événements d'entreprise,"Galas, lancements, congrès",Fêtes de fin d'année,https://evenox.ca/
S-FR | Mariage,Mariages,"Décor, photobooth, lettres",Réservez votre date,https://evenox.ca/
S-FR | Mariage,Réalisations,Plus de 1 000 événements,Voyez nos décors en photos,https://evenox.ca/
S-FR | Mariage,Demander une soumission,Réponse en moins de 24 h,Conseiller dédié,https://evenox.ca/
S-FR | Mariage,Zones desservies,"Montréal, Laval, Rive-Nord","Laurentides, Québec, Lévis",https://evenox.ca/
S-EN | Corporate Montréal,4-ft Marquee Letters,"Initials, logos, LOVE, numbers",Delivered and installed,https://evenox.ca/
S-EN | Corporate Montréal,Photo Booth Packages,"Signature, Prestige, Iconic","Legend: $650 to $1,495",https://evenox.ca/
S-EN | Corporate Montréal,Lounge and Gala Furniture,"Lounge $850, gala $2,900","Cocktail $1,100 to $1,400",https://evenox.ca/
S-EN | Corporate Montréal,Corporate Events,"Galas, launches, conferences",Holiday parties,https://evenox.ca/
S-EN | Corporate Montréal,Weddings,"Decor, photo booth, letters",Reserve your date,https://evenox.ca/
S-EN | Corporate Montréal,Our Work,"1,000+ events delivered",See our setups in photos,https://evenox.ca/
S-EN | Corporate Montréal,Request a Quote,Reply within 24 hours,Dedicated event advisor,https://evenox.ca/
S-EN | Corporate Montréal,Service Areas,"Montréal, Laval, North Shore","Laurentians, Québec, Lévis",https://evenox.ca/
S-FR | Québec-Lévis (test),Lettres lumineuses 4 pi,"Initiales, logo, LOVE, chiffres",Livrées et installées,https://evenox.ca/
S-FR | Québec-Lévis (test),Forfaits photobooth,"Signature, Prestige, Iconic",Legend : 650 $ à 1 495 $,https://evenox.ca/
S-FR | Québec-Lévis (test),Mobilier lounge et gala,"Lounge 850 $, gala 2 900 $",Cocktail 1 100 $ à 1 400 $,https://evenox.ca/
S-FR | Québec-Lévis (test),Événements d'entreprise,"Galas, lancements, congrès",Fêtes de fin d'année,https://evenox.ca/
S-FR | Québec-Lévis (test),Mariages,"Décor, photobooth, lettres",Réservez votre date,https://evenox.ca/
S-FR | Québec-Lévis (test),Réalisations,Plus de 1 000 événements,Voyez nos décors en photos,https://evenox.ca/
S-FR | Québec-Lévis (test),Demander une soumission,Réponse en moins de 24 h,Conseiller dédié,https://evenox.ca/
S-FR | Québec-Lévis (test),Zones desservies,"Montréal, Laval, Rive-Nord","Laurentides, Québec, Lévis",https://evenox.ca/
