Campaign,Callout text
S-FR | Marque,Installation clé en main
S-FR | Marque,Soumission en 24 h
S-FR | Marque,"Note Google 4,8/5"
S-FR | Marque,Plus de 1 000 événements
S-FR | Marque,Conseiller dédié
S-FR | Marque,Réservation en ligne 24/7
S-FR | Marque,Surclassement offert
S-FR | Marque,Livraison aux forfaits
S-FR | Corporatif & Fêtes,Installation clé en main
S-FR | Corporatif & Fêtes,Soumission en 24 h
S-FR | Corporatif & Fêtes,"Note Google 4,8/5"
S-FR | Corporatif & Fêtes,Plus de 1 000 événements
S-FR | Corporatif & Fêtes,Conseiller dédié
S-FR | Corporatif & Fêtes,Réservation en ligne 24/7
S-FR | Corporatif & Fêtes,Surclassement offert
S-FR | Corporatif & Fêtes,Livraison aux forfaits
S-FR | Produits vedettes,Installation clé en main
S-FR | Produits vedettes,Soumission en 24 h
S-FR | Produits vedettes,"Note Google 4,8/5"
S-FR | Produits vedettes,Plus de 1 000 événements
S-FR | Produits vedettes,Conseiller dédié
S-FR | Produits vedettes,Réservation en ligne 24/7
S-FR | Produits vedettes,Surclassement offert
S-FR | Produits vedettes,Livraison aux forfaits
S-FR | Mariage,Installation clé en main
S-FR | Mariage,Soumission en 24 h
S-FR | Mariage,"Note Google 4,8/5"
S-FR | Mariage,Plus de 1 000 événements
S-FR | Mariage,Conseiller dédié
S-FR | Mariage,Réservation en ligne 24/7
S-FR | Mariage,Surclassement offert
S-FR | Mariage,Livraison aux forfaits
S-EN | Corporate Montréal,Turnkey installation
S-EN | Corporate Montréal,Quote within 24 hours
S-EN | Corporate Montréal,Rated 4.8/5 on Google
S-EN | Corporate Montréal,"1,000+ events delivered"
S-EN | Corporate Montréal,Dedicated event advisor
S-EN | Corporate Montréal,Book online 24/7
S-EN | Corporate Montréal,Free upgrade available
S-EN | Corporate Montréal,Delivery with packages
S-FR | Québec-Lévis (test),Installation clé en main
S-FR | Québec-Lévis (test),Soumission en 24 h
S-FR | Québec-Lévis (test),"Note Google 4,8/5"
S-FR | Québec-Lévis (test),Plus de 1 000 événements
S-FR | Québec-Lévis (test),Conseiller dédié
S-FR | Québec-Lévis (test),Réservation en ligne 24/7
S-FR | Québec-Lévis (test),Surclassement offert
S-FR | Québec-Lévis (test),Livraison aux forfaits
