Campaign,Keyword,Criterion Type
Evenox - Photobooth,gratuit,Negative Broad
Evenox - Photobooth,gratuitement,Negative Broad
Evenox - Photobooth,emploi,Negative Broad
Evenox - Photobooth,job,Negative Broad
Evenox - Photobooth,jobs,Negative Broad
Evenox - Photobooth,carriere,Negative Broad
Evenox - Photobooth,salaire,Negative Broad
Evenox - Photobooth,stage,Negative Broad
Evenox - Photobooth,benevole,Negative Broad
Evenox - Photobooth,achat,Negative Broad
Evenox - Photobooth,acheter,Negative Broad
Evenox - Photobooth,vendre,Negative Broad
Evenox - Photobooth,usage,Negative Broad
Evenox - Photobooth,kijiji,Negative Broad
Evenox - Photobooth,marketplace,Negative Broad
Evenox - Photobooth,amazon,Negative Broad
Evenox - Photobooth,diy,Negative Broad
Evenox - Photobooth,bricolage,Negative Broad
Evenox - Photobooth,fabriquer,Negative Broad
Evenox - Photobooth,tutoriel,Negative Broad
Evenox - Photobooth,tuto,Negative Broad
Evenox - Photobooth,patron,Negative Broad
Evenox - Photobooth,application,Negative Broad
Evenox - Photobooth,logiciel,Negative Broad
Evenox - Photobooth,filtre,Negative Broad
Evenox - Photobooth,photoshop,Negative Broad
Evenox - Photobooth,toronto,Negative Broad
Evenox - Photobooth,ottawa,Negative Broad
Evenox - Photobooth,ontario,Negative Broad
Evenox - Photobooth,sherbrooke,Negative Broad
Evenox - Photobooth,gatineau,Negative Broad
Evenox - Photobooth,saguenay,Negative Broad
Evenox - Photobooth,vancouver,Negative Broad
Evenox - Photobooth,calgary,Negative Broad
Evenox - Photobooth,france,Negative Broad
Evenox - Photobooth,paris,Negative Broad
Evenox - Photobooth,assurance,Negative Broad
Evenox - Photobooth,financement,Negative Broad
Evenox - Photobooth,a vendre,Negative Broad
Evenox - Photobooth,seconde main,Negative Broad
Evenox - Photobooth,comment faire,Negative Broad
Evenox - Photobooth,quebec ville,Negative Broad
Evenox - Photobooth,ville de quebec,Negative Broad
Evenox - Photobooth,trois-rivieres,Negative Broad
Evenox - Photobooth,forfait cellulaire,Negative Broad
Evenox - Mobilier,gratuit,Negative Broad
Evenox - Mobilier,gratuitement,Negative Broad
Evenox - Mobilier,emploi,Negative Broad
Evenox - Mobilier,job,Negative Broad
Evenox - Mobilier,jobs,Negative Broad
Evenox - Mobilier,carriere,Negative Broad
Evenox - Mobilier,salaire,Negative Broad
Evenox - Mobilier,stage,Negative Broad
Evenox - Mobilier,benevole,Negative Broad
Evenox - Mobilier,achat,Negative Broad
Evenox - Mobilier,acheter,Negative Broad
Evenox - Mobilier,vendre,Negative Broad
Evenox - Mobilier,usage,Negative Broad
Evenox - Mobilier,kijiji,Negative Broad
Evenox - Mobilier,marketplace,Negative Broad
Evenox - Mobilier,amazon,Negative Broad
Evenox - Mobilier,diy,Negative Broad
Evenox - Mobilier,bricolage,Negative Broad
Evenox - Mobilier,fabriquer,Negative Broad
Evenox - Mobilier,tutoriel,Negative Broad
Evenox - Mobilier,tuto,Negative Broad
Evenox - Mobilier,patron,Negative Broad
Evenox - Mobilier,application,Negative Broad
Evenox - Mobilier,logiciel,Negative Broad
Evenox - Mobilier,filtre,Negative Broad
Evenox - Mobilier,photoshop,Negative Broad
Evenox - Mobilier,toronto,Negative Broad
Evenox - Mobilier,ottawa,Negative Broad
Evenox - Mobilier,ontario,Negative Broad
Evenox - Mobilier,sherbrooke,Negative Broad
Evenox - Mobilier,gatineau,Negative Broad
Evenox - Mobilier,saguenay,Negative Broad
Evenox - Mobilier,vancouver,Negative Broad
Evenox - Mobilier,calgary,Negative Broad
Evenox - Mobilier,france,Negative Broad
Evenox - Mobilier,paris,Negative Broad
Evenox - Mobilier,assurance,Negative Broad
Evenox - Mobilier,financement,Negative Broad
Evenox - Mobilier,a vendre,Negative Broad
Evenox - Mobilier,seconde main,Negative Broad
Evenox - Mobilier,comment faire,Negative Broad
Evenox - Mobilier,quebec ville,Negative Broad
Evenox - Mobilier,ville de quebec,Negative Broad
Evenox - Mobilier,trois-rivieres,Negative Broad
Evenox - Mobilier,forfait cellulaire,Negative Broad
Evenox - Corporatif,gratuit,Negative Broad
Evenox - Corporatif,gratuitement,Negative Broad
Evenox - Corporatif,emploi,Negative Broad
Evenox - Corporatif,job,Negative Broad
Evenox - Corporatif,jobs,Negative Broad
Evenox - Corporatif,carriere,Negative Broad
Evenox - Corporatif,salaire,Negative Broad
Evenox - Corporatif,stage,Negative Broad
Evenox - Corporatif,benevole,Negative Broad
Evenox - Corporatif,achat,Negative Broad
Evenox - Corporatif,acheter,Negative Broad
Evenox - Corporatif,vendre,Negative Broad
Evenox - Corporatif,usage,Negative Broad
Evenox - Corporatif,kijiji,Negative Broad
Evenox - Corporatif,marketplace,Negative Broad
Evenox - Corporatif,amazon,Negative Broad
Evenox - Corporatif,diy,Negative Broad
Evenox - Corporatif,bricolage,Negative Broad
Evenox - Corporatif,fabriquer,Negative Broad
Evenox - Corporatif,tutoriel,Negative Broad
Evenox - Corporatif,tuto,Negative Broad
Evenox - Corporatif,patron,Negative Broad
Evenox - Corporatif,application,Negative Broad
Evenox - Corporatif,logiciel,Negative Broad
Evenox - Corporatif,filtre,Negative Broad
Evenox - Corporatif,photoshop,Negative Broad
Evenox - Corporatif,toronto,Negative Broad
Evenox - Corporatif,ottawa,Negative Broad
Evenox - Corporatif,ontario,Negative Broad
Evenox - Corporatif,sherbrooke,Negative Broad
Evenox - Corporatif,gatineau,Negative Broad
Evenox - Corporatif,saguenay,Negative Broad
Evenox - Corporatif,vancouver,Negative Broad
Evenox - Corporatif,calgary,Negative Broad
Evenox - Corporatif,france,Negative Broad
Evenox - Corporatif,paris,Negative Broad
Evenox - Corporatif,assurance,Negative Broad
Evenox - Corporatif,financement,Negative Broad
Evenox - Corporatif,a vendre,Negative Broad
Evenox - Corporatif,seconde main,Negative Broad
Evenox - Corporatif,comment faire,Negative Broad
Evenox - Corporatif,quebec ville,Negative Broad
Evenox - Corporatif,ville de quebec,Negative Broad
Evenox - Corporatif,trois-rivieres,Negative Broad
Evenox - Corporatif,forfait cellulaire,Negative Broad
