Campaign,Ad Group,Ad Group Type,Ad Group Status
SRCH | Corporatif | FR,Party des Fêtes / fête de bureau,Standard,Enabled
SRCH | Corporatif | FR,5 à 7 corporatif,Standard,Enabled
SRCH | Corporatif | FR,Gala & soirée d'entreprise,Standard,Enabled
SRCH | Corporatif | FR,Team building / jeux géants corporatif,Standard,Enabled
SRCH | Corporatif | FR,Photobooth 360 corporatif,Standard,Enabled
SRCH | Corporatif | FR,Lancement / activation de marque,Standard,Enabled
SRCH | Corporatif | FR,Fournisseur événementiel clé en main,Standard,Enabled
SRCH | Mariage & privé haut de gamme | FR,Location déco mariage,Standard,Enabled
SRCH | Mariage & privé haut de gamme | FR,Arche / lettres lumineuses,Standard,Enabled
SRCH | Mariage & privé haut de gamme | FR,Chapiteau mariage,Standard,Enabled
SRCH | Mariage & privé haut de gamme | FR,Mobilier mariage,Standard,Enabled
SRCH | Mariage & privé haut de gamme | FR,Photobooth mariage,Standard,Enabled
SRCH | Mariage & privé haut de gamme | FR,Événement privé clé en main,Standard,Enabled
SRCH | Marque | FR,Evenox – Marque,Standard,Enabled
