Asset type,Campaign,Link Text,Description Line 1,Description Line 2,Final URL,Callout text,Structured snippet header,Structured snippet values
Sitelink,SRCH | Corporatif | FR,Party des Fêtes,Forfait party de bureau 1 995 $,Dates de décembre limitées,https://evenox.ca/corporatif/party-des-fetes,,,
Sitelink,SRCH | Corporatif | FR,5 à 7 d'équipe,Forfait clé en main à 1 195 $,Jeux géants et lettres,https://evenox.ca/corporatif/5-a-7,,,
Sitelink,SRCH | Corporatif | FR,Gala Signature,Forfait dès 2 495 $,"75 à 150 invités, avec préposé",https://evenox.ca/corporatif/gala,,,
Sitelink,SRCH | Corporatif | FR,Cabine photo 360,Habillage à vos couleurs,Préposé et partage instantané,https://evenox.ca/corporatif/photobooth-360,,,
Sitelink,SRCH | Corporatif | FR,Jeux géants,Consolidation d'équipe,Livrés et montés sur place,https://evenox.ca/corporatif/team-building,,,
Sitelink,SRCH | Corporatif | FR,Demander une soumission,Réponse en moins de 24 h,Facturation net 30 disponible,https://evenox.ca/soumission,,,
Sitelink,SRCH | Mariage & privé haut de gamme | FR,Forfaits mariage,Décor dès 899 $ ou sur mesure,"Livré, monté et démonté",https://evenox.ca/mariage,,,
Sitelink,SRCH | Mariage & privé haut de gamme | FR,Arches et lettres,Arche florale et lettres géantes,Installées par notre équipe,https://evenox.ca/mariage/arche-lettres-lumineuses,,,
Sitelink,SRCH | Mariage & privé haut de gamme | FR,Chapiteaux,Chapiteaux montés et démontés,Plancher et éclairage en option,https://evenox.ca/mariage/chapiteau,,,
Sitelink,SRCH | Mariage & privé haut de gamme | FR,Mobilier de mariage,Chaises Chiavari et salons,Placé selon votre plan de salle,https://evenox.ca/mariage/mobilier,,,
Sitelink,SRCH | Mariage & privé haut de gamme | FR,Fêtes privées,"Anniversaires 40, 50 ou 60 ans","Décor livré, monté et repris",https://evenox.ca/evenement-prive,,,
Sitelink,SRCH | Mariage & privé haut de gamme | FR,Demander une soumission,Réponse en moins de 24 h,Été 2027 : dates limitées,https://evenox.ca/soumission,,,
Sitelink,SRCH | Marque | FR,Forfaits corporatifs,Dès 1 195 $,Facturation net 30,https://evenox.ca/corporatif,,,
Sitelink,SRCH | Marque | FR,Forfaits mariage,Décor dès 899 $ ou sur mesure,"Livré, monté et démonté",https://evenox.ca/mariage,,,
Sitelink,SRCH | Marque | FR,Réalisations,Plus de 1 000 événements,Photos de vrais montages,https://evenox.ca/realisations,,,
Sitelink,SRCH | Marque | FR,Demander une soumission,Réponse en moins de 24 h,"Montréal, Laval et Rive-Nord",https://evenox.ca/soumission,,,
Callout,SRCH | Corporatif | FR,,,,,Service clé en main,,
Callout,SRCH | Corporatif | FR,,,,,Installation et démontage,,
Callout,SRCH | Corporatif | FR,,,,,Facturation net 30,,
Callout,SRCH | Corporatif | FR,,,,,Soumission en 24 h,,
Callout,SRCH | Corporatif | FR,,,,,Plus de 1 000 événements,,
Callout,SRCH | Corporatif | FR,,,,,"Note 4,8/5 sur Google",,
Callout,SRCH | Corporatif | FR,,,,,Équipe de montage dédiée,,
Callout,SRCH | Corporatif | FR,,,,,Entrepôt à Sainte-Thérèse,,
Callout,SRCH | Mariage & privé haut de gamme | FR,,,,,Service clé en main,,
Callout,SRCH | Mariage & privé haut de gamme | FR,,,,,Installation et démontage,,
Callout,SRCH | Mariage & privé haut de gamme | FR,,,,,Forfaits sur mesure,,
Callout,SRCH | Mariage & privé haut de gamme | FR,,,,,Soumission en 24 h,,
Callout,SRCH | Mariage & privé haut de gamme | FR,,,,,Plus de 1 000 événements,,
Callout,SRCH | Mariage & privé haut de gamme | FR,,,,,"Note 4,8/5 sur Google",,
Callout,SRCH | Mariage & privé haut de gamme | FR,,,,,Décor haut de gamme,,
Callout,SRCH | Mariage & privé haut de gamme | FR,,,,,Entrepôt à Sainte-Thérèse,,
Callout,SRCH | Marque | FR,,,,,Service clé en main,,
Callout,SRCH | Marque | FR,,,,,Installation et démontage,,
Callout,SRCH | Marque | FR,,,,,Soumission en 24 h,,
Callout,SRCH | Marque | FR,,,,,"Note 4,8/5 sur Google",,
Structured snippet,SRCH | Corporatif | FR,,,,,,Services,Party des Fêtes;5 à 7 corporatif;Gala d'entreprise;Consolidation d'équipe;Activation de marque;Cabine photo 360
Structured snippet,SRCH | Mariage & privé haut de gamme | FR,,,,,,Types,Arches de mariage;Lettres lumineuses;Chapiteaux;Mobilier de salon;Chaises Chiavari;Cabine photo 360
Structured snippet,SRCH | Marque | FR,,,,,,Services,Mobilier;Décor;Chapiteaux;Cabine photo 360;Jeux géants;Son et éclairage
