Campaign,Link Text,Description Line 1,Description Line 2,Final URL
SRCH | Corporatif | FR,Party des Fêtes,Forfait party de bureau 1 995 $,Dates de décembre limitées,https://evenox.ca/corporatif/party-des-fetes
SRCH | Corporatif | FR,5 à 7 d'équipe,Forfait clé en main à 1 195 $,Jeux géants et lettres,https://evenox.ca/corporatif/5-a-7
SRCH | Corporatif | FR,Gala Signature,Forfait dès 2 495 $,"75 à 150 invités, avec préposé",https://evenox.ca/corporatif/gala
SRCH | Corporatif | FR,Cabine photo 360,Habillage à vos couleurs,Préposé et partage instantané,https://evenox.ca/corporatif/photobooth-360
SRCH | Corporatif | FR,Jeux géants,Consolidation d'équipe,Livrés et montés sur place,https://evenox.ca/corporatif/team-building
SRCH | Corporatif | FR,Demander une soumission,Réponse en moins de 24 h,Facturation net 30 disponible,https://evenox.ca/soumission
SRCH | Mariage & privé haut de gamme | FR,Forfaits mariage,Décor dès 899 $ ou sur mesure,"Livré, monté et démonté",https://evenox.ca/mariage
SRCH | Mariage & privé haut de gamme | FR,Arches et lettres,Arche florale et lettres géantes,Installées par notre équipe,https://evenox.ca/mariage/arche-lettres-lumineuses
SRCH | Mariage & privé haut de gamme | FR,Chapiteaux,Chapiteaux montés et démontés,Plancher et éclairage en option,https://evenox.ca/mariage/chapiteau
SRCH | Mariage & privé haut de gamme | FR,Mobilier de mariage,Chaises Chiavari et salons,Placé selon votre plan de salle,https://evenox.ca/mariage/mobilier
SRCH | Mariage & privé haut de gamme | FR,Fêtes privées,"Anniversaires 40, 50 ou 60 ans","Décor livré, monté et repris",https://evenox.ca/evenement-prive
SRCH | Mariage & privé haut de gamme | FR,Demander une soumission,Réponse en moins de 24 h,Été 2027 : dates limitées,https://evenox.ca/soumission
SRCH | Marque | FR,Forfaits corporatifs,Dès 1 195 $,Facturation net 30,https://evenox.ca/corporatif
SRCH | Marque | FR,Forfaits mariage,Décor dès 899 $ ou sur mesure,"Livré, monté et démonté",https://evenox.ca/mariage
SRCH | Marque | FR,Réalisations,Plus de 1 000 événements,Photos de vrais montages,https://evenox.ca/realisations
SRCH | Marque | FR,Demander une soumission,Réponse en moins de 24 h,"Montréal, Laval et Rive-Nord",https://evenox.ca/soumission
