Campaign,Campaign Type,Networks,Budget,Budget type,EU political ads,Language targeting,Bid Strategy Type,Maximum CPC bid limit,Targeting method,Exclusion method,Campaign Status,Location,Location ID,Comment
SRCH | Corporatif | FR,Search,Google Search,100.00,Daily,Doesn't have EU political ads,fr,Maximize conversions,,Location of presence,Location of presence,Paused,,,"Passer en tCPA (Target CPA) après 30 lead_qualifie sur 30 jours; tCPA initial = CPA moyen observé x 1,1"
SRCH | Mariage & privé haut de gamme | FR,Search,Google Search,60.00,Daily,Doesn't have EU political ads,fr,Maximize conversions,,Location of presence,Location of presence,Paused,,,"Passer en tCPA après 30 lead_qualifie sur 30 jours; tCPA initial = CPA moyen observé x 1,1"
SRCH | Marque | FR,Search,Google Search,10.00,Daily,Doesn't have EU political ads,fr,Maximize clicks,2.50,Location of presence,Location of presence,Paused,,,"Plafond CPC max 2,50 $ (Maximize clicks). Couverture Québec entier"
SRCH | Corporatif | FR,,,,,,,,,,,,"Montreal,Montreal,Quebec,Canada",1002604,
SRCH | Corporatif | FR,,,,,,,,,,,,"Laval,Quebec,Canada",1002579,
SRCH | Corporatif | FR,,,,,,,,,,,,"Longueuil,Quebec,Canada",1002585,
SRCH | Corporatif | FR,,,,,,,,,,,,"Terrebonne,Quebec,Canada",1002705,
SRCH | Corporatif | FR,,,,,,,,,,,,"Mirabel,Mirabel,Quebec,Canada",1002596,
SRCH | Corporatif | FR,,,,,,,,,,,,"Sainte-Therese,Sainte-Therese,Quebec,Canada",1002702,
SRCH | Corporatif | FR,,,,,,,,,,,,"Blainville,Quebec,Canada",1002504,
SRCH | Corporatif | FR,,,,,,,,,,,,"Boisbriand,Boisbriand,Quebec,Canada",1002506,
SRCH | Corporatif | FR,,,,,,,,,,,,"Rosemere,Quebec,Canada",1002633,
SRCH | Corporatif | FR,,,,,,,,,,,,"Lorraine,Quebec,Canada",1002587,
SRCH | Corporatif | FR,,,,,,,,,,,,"Bois-des-Filion,Quebec,Canada",1002505,
SRCH | Corporatif | FR,,,,,,,,,,,,"Sainte-Anne-des-Plaines,Quebec,Canada",9047927,
SRCH | Corporatif | FR,,,,,,,,,,,,"Saint-Eustache,Quebec,Canada",1002657,
SRCH | Corporatif | FR,,,,,,,,,,,,"Deux-Montagnes,Quebec,Canada",1002535,
SRCH | Corporatif | FR,,,,,,,,,,,,"Sainte-Marthe-sur-le-Lac,Quebec,Canada",9047929,
SRCH | Corporatif | FR,,,,,,,,,,,,"Pointe-Calumet,Quebec,Canada",9104446,
SRCH | Corporatif | FR,,,,,,,,,,,,"Saint-Joseph-du-Lac,Quebec,Canada",9104305,
SRCH | Corporatif | FR,,,,,,,,,,,,"Oka,Quebec,Canada",9105116,
SRCH | Corporatif | FR,,,,,,,,,,,,"Saint-Placide,Quebec,Canada",9105232,
SRCH | Corporatif | FR,,,,,,,,,,,,"Saint-Jerome,Quebec,Canada",1002667,
SRCH | Mariage & privé haut de gamme | FR,,,,,,,,,,,,"Montreal,Montreal,Quebec,Canada",1002604,
SRCH | Mariage & privé haut de gamme | FR,,,,,,,,,,,,"Laval,Quebec,Canada",1002579,
SRCH | Mariage & privé haut de gamme | FR,,,,,,,,,,,,"Longueuil,Quebec,Canada",1002585,
SRCH | Mariage & privé haut de gamme | FR,,,,,,,,,,,,"Terrebonne,Quebec,Canada",1002705,
SRCH | Mariage & privé haut de gamme | FR,,,,,,,,,,,,"Mirabel,Mirabel,Quebec,Canada",1002596,
SRCH | Mariage & privé haut de gamme | FR,,,,,,,,,,,,"Sainte-Therese,Sainte-Therese,Quebec,Canada",1002702,
SRCH | Mariage & privé haut de gamme | FR,,,,,,,,,,,,"Blainville,Quebec,Canada",1002504,
SRCH | Mariage & privé haut de gamme | FR,,,,,,,,,,,,"Boisbriand,Boisbriand,Quebec,Canada",1002506,
SRCH | Mariage & privé haut de gamme | FR,,,,,,,,,,,,"Rosemere,Quebec,Canada",1002633,
SRCH | Mariage & privé haut de gamme | FR,,,,,,,,,,,,"Lorraine,Quebec,Canada",1002587,
SRCH | Mariage & privé haut de gamme | FR,,,,,,,,,,,,"Bois-des-Filion,Quebec,Canada",1002505,
SRCH | Mariage & privé haut de gamme | FR,,,,,,,,,,,,"Sainte-Anne-des-Plaines,Quebec,Canada",9047927,
SRCH | Mariage & privé haut de gamme | FR,,,,,,,,,,,,"Saint-Eustache,Quebec,Canada",1002657,
SRCH | Mariage & privé haut de gamme | FR,,,,,,,,,,,,"Deux-Montagnes,Quebec,Canada",1002535,
SRCH | Mariage & privé haut de gamme | FR,,,,,,,,,,,,"Sainte-Marthe-sur-le-Lac,Quebec,Canada",9047929,
SRCH | Mariage & privé haut de gamme | FR,,,,,,,,,,,,"Pointe-Calumet,Quebec,Canada",9104446,
SRCH | Mariage & privé haut de gamme | FR,,,,,,,,,,,,"Saint-Joseph-du-Lac,Quebec,Canada",9104305,
SRCH | Mariage & privé haut de gamme | FR,,,,,,,,,,,,"Oka,Quebec,Canada",9105116,
SRCH | Mariage & privé haut de gamme | FR,,,,,,,,,,,,"Saint-Placide,Quebec,Canada",9105232,
SRCH | Mariage & privé haut de gamme | FR,,,,,,,,,,,,"Saint-Jerome,Quebec,Canada",1002667,
SRCH | Marque | FR,,,,,,,,,,,,"Quebec,Canada",20123,
