Campaign,Campaign Type,Networks,Budget,Budget type,EU political ads,Language targeting,Bid Strategy Type,Maximum CPC bid limit,Targeting method,Exclusion method,Campaign Status,Location,Location ID,Comment,Ad Group,Ad Group Type,Ad Group Status,Keyword,Criterion Type,Status,Ad type,Headline 1,Headline 1 position,Headline 2,Headline 2 position,Headline 3,Headline 3 position,Headline 4,Headline 4 position,Headline 5,Headline 5 position,Headline 6,Headline 6 position,Headline 7,Headline 7 position,Headline 8,Headline 8 position,Headline 9,Headline 9 position,Headline 10,Headline 10 position,Headline 11,Headline 11 position,Headline 12,Headline 12 position,Headline 13,Headline 13 position,Headline 14,Headline 14 position,Headline 15,Headline 15 position,Description 1,Description 1 position,Description 2,Description 2 position,Description 3,Description 3 position,Description 4,Description 4 position,Path 1,Path 2,Final URL
SRCH | Corporatif | FR,Search,Google Search,100.00,Daily,Doesn't have EU political ads,fr,Maximize conversions,,Location of presence,Location of presence,Paused,,,"Passer en tCPA (Target CPA) après 30 lead_qualifie sur 30 jours; tCPA initial = CPA moyen observé x 1,1",,,,,,,,,,,,,,,,,,,,,,,,,,,,,,,,,,,,,,,,,,,,,,,,
SRCH | Mariage & privé haut de gamme | FR,Search,Google Search,60.00,Daily,Doesn't have EU political ads,fr,Maximize conversions,,Location of presence,Location of presence,Paused,,,"Passer en tCPA après 30 lead_qualifie sur 30 jours; tCPA initial = CPA moyen observé x 1,1",,,,,,,,,,,,,,,,,,,,,,,,,,,,,,,,,,,,,,,,,,,,,,,,
SRCH | Marque | FR,Search,Google Search,10.00,Daily,Doesn't have EU political ads,fr,Maximize clicks,2.50,Location of presence,Location of presence,Paused,,,"Plafond CPC max 2,50 $ (Maximize clicks). Couverture Québec entier",,,,,,,,,,,,,,,,,,,,,,,,,,,,,,,,,,,,,,,,,,,,,,,,
SRCH | Corporatif | FR,,,,,,,,,,,,"Montreal,Montreal,Quebec,Canada",1002604,,,,,,,,,,,,,,,,,,,,,,,,,,,,,,,,,,,,,,,,,,,,,,,,,
SRCH | Corporatif | FR,,,,,,,,,,,,"Laval,Quebec,Canada",1002579,,,,,,,,,,,,,,,,,,,,,,,,,,,,,,,,,,,,,,,,,,,,,,,,,
SRCH | Corporatif | FR,,,,,,,,,,,,"Longueuil,Quebec,Canada",1002585,,,,,,,,,,,,,,,,,,,,,,,,,,,,,,,,,,,,,,,,,,,,,,,,,
SRCH | Corporatif | FR,,,,,,,,,,,,"Terrebonne,Quebec,Canada",1002705,,,,,,,,,,,,,,,,,,,,,,,,,,,,,,,,,,,,,,,,,,,,,,,,,
SRCH | Corporatif | FR,,,,,,,,,,,,"Mirabel,Mirabel,Quebec,Canada",1002596,,,,,,,,,,,,,,,,,,,,,,,,,,,,,,,,,,,,,,,,,,,,,,,,,
SRCH | Corporatif | FR,,,,,,,,,,,,"Sainte-Therese,Sainte-Therese,Quebec,Canada",1002702,,,,,,,,,,,,,,,,,,,,,,,,,,,,,,,,,,,,,,,,,,,,,,,,,
SRCH | Corporatif | FR,,,,,,,,,,,,"Blainville,Quebec,Canada",1002504,,,,,,,,,,,,,,,,,,,,,,,,,,,,,,,,,,,,,,,,,,,,,,,,,
SRCH | Corporatif | FR,,,,,,,,,,,,"Boisbriand,Boisbriand,Quebec,Canada",1002506,,,,,,,,,,,,,,,,,,,,,,,,,,,,,,,,,,,,,,,,,,,,,,,,,
SRCH | Corporatif | FR,,,,,,,,,,,,"Rosemere,Quebec,Canada",1002633,,,,,,,,,,,,,,,,,,,,,,,,,,,,,,,,,,,,,,,,,,,,,,,,,
SRCH | Corporatif | FR,,,,,,,,,,,,"Lorraine,Quebec,Canada",1002587,,,,,,,,,,,,,,,,,,,,,,,,,,,,,,,,,,,,,,,,,,,,,,,,,
SRCH | Corporatif | FR,,,,,,,,,,,,"Bois-des-Filion,Quebec,Canada",1002505,,,,,,,,,,,,,,,,,,,,,,,,,,,,,,,,,,,,,,,,,,,,,,,,,
SRCH | Corporatif | FR,,,,,,,,,,,,"Sainte-Anne-des-Plaines,Quebec,Canada",9047927,,,,,,,,,,,,,,,,,,,,,,,,,,,,,,,,,,,,,,,,,,,,,,,,,
SRCH | Corporatif | FR,,,,,,,,,,,,"Saint-Eustache,Quebec,Canada",1002657,,,,,,,,,,,,,,,,,,,,,,,,,,,,,,,,,,,,,,,,,,,,,,,,,
SRCH | Corporatif | FR,,,,,,,,,,,,"Deux-Montagnes,Quebec,Canada",1002535,,,,,,,,,,,,,,,,,,,,,,,,,,,,,,,,,,,,,,,,,,,,,,,,,
SRCH | Corporatif | FR,,,,,,,,,,,,"Sainte-Marthe-sur-le-Lac,Quebec,Canada",9047929,,,,,,,,,,,,,,,,,,,,,,,,,,,,,,,,,,,,,,,,,,,,,,,,,
SRCH | Corporatif | FR,,,,,,,,,,,,"Pointe-Calumet,Quebec,Canada",9104446,,,,,,,,,,,,,,,,,,,,,,,,,,,,,,,,,,,,,,,,,,,,,,,,,
SRCH | Corporatif | FR,,,,,,,,,,,,"Saint-Joseph-du-Lac,Quebec,Canada",9104305,,,,,,,,,,,,,,,,,,,,,,,,,,,,,,,,,,,,,,,,,,,,,,,,,
SRCH | Corporatif | FR,,,,,,,,,,,,"Oka,Quebec,Canada",9105116,,,,,,,,,,,,,,,,,,,,,,,,,,,,,,,,,,,,,,,,,,,,,,,,,
SRCH | Corporatif | FR,,,,,,,,,,,,"Saint-Placide,Quebec,Canada",9105232,,,,,,,,,,,,,,,,,,,,,,,,,,,,,,,,,,,,,,,,,,,,,,,,,
SRCH | Corporatif | FR,,,,,,,,,,,,"Saint-Jerome,Quebec,Canada",1002667,,,,,,,,,,,,,,,,,,,,,,,,,,,,,,,,,,,,,,,,,,,,,,,,,
SRCH | Mariage & privé haut de gamme | FR,,,,,,,,,,,,"Montreal,Montreal,Quebec,Canada",1002604,,,,,,,,,,,,,,,,,,,,,,,,,,,,,,,,,,,,,,,,,,,,,,,,,
SRCH | Mariage & privé haut de gamme | FR,,,,,,,,,,,,"Laval,Quebec,Canada",1002579,,,,,,,,,,,,,,,,,,,,,,,,,,,,,,,,,,,,,,,,,,,,,,,,,
SRCH | Mariage & privé haut de gamme | FR,,,,,,,,,,,,"Longueuil,Quebec,Canada",1002585,,,,,,,,,,,,,,,,,,,,,,,,,,,,,,,,,,,,,,,,,,,,,,,,,
SRCH | Mariage & privé haut de gamme | FR,,,,,,,,,,,,"Terrebonne,Quebec,Canada",1002705,,,,,,,,,,,,,,,,,,,,,,,,,,,,,,,,,,,,,,,,,,,,,,,,,
SRCH | Mariage & privé haut de gamme | FR,,,,,,,,,,,,"Mirabel,Mirabel,Quebec,Canada",1002596,,,,,,,,,,,,,,,,,,,,,,,,,,,,,,,,,,,,,,,,,,,,,,,,,
SRCH | Mariage & privé haut de gamme | FR,,,,,,,,,,,,"Sainte-Therese,Sainte-Therese,Quebec,Canada",1002702,,,,,,,,,,,,,,,,,,,,,,,,,,,,,,,,,,,,,,,,,,,,,,,,,
SRCH | Mariage & privé haut de gamme | FR,,,,,,,,,,,,"Blainville,Quebec,Canada",1002504,,,,,,,,,,,,,,,,,,,,,,,,,,,,,,,,,,,,,,,,,,,,,,,,,
SRCH | Mariage & privé haut de gamme | FR,,,,,,,,,,,,"Boisbriand,Boisbriand,Quebec,Canada",1002506,,,,,,,,,,,,,,,,,,,,,,,,,,,,,,,,,,,,,,,,,,,,,,,,,
SRCH | Mariage & privé haut de gamme | FR,,,,,,,,,,,,"Rosemere,Quebec,Canada",1002633,,,,,,,,,,,,,,,,,,,,,,,,,,,,,,,,,,,,,,,,,,,,,,,,,
SRCH | Mariage & privé haut de gamme | FR,,,,,,,,,,,,"Lorraine,Quebec,Canada",1002587,,,,,,,,,,,,,,,,,,,,,,,,,,,,,,,,,,,,,,,,,,,,,,,,,
SRCH | Mariage & privé haut de gamme | FR,,,,,,,,,,,,"Bois-des-Filion,Quebec,Canada",1002505,,,,,,,,,,,,,,,,,,,,,,,,,,,,,,,,,,,,,,,,,,,,,,,,,
SRCH | Mariage & privé haut de gamme | FR,,,,,,,,,,,,"Sainte-Anne-des-Plaines,Quebec,Canada",9047927,,,,,,,,,,,,,,,,,,,,,,,,,,,,,,,,,,,,,,,,,,,,,,,,,
SRCH | Mariage & privé haut de gamme | FR,,,,,,,,,,,,"Saint-Eustache,Quebec,Canada",1002657,,,,,,,,,,,,,,,,,,,,,,,,,,,,,,,,,,,,,,,,,,,,,,,,,
SRCH | Mariage & privé haut de gamme | FR,,,,,,,,,,,,"Deux-Montagnes,Quebec,Canada",1002535,,,,,,,,,,,,,,,,,,,,,,,,,,,,,,,,,,,,,,,,,,,,,,,,,
SRCH | Mariage & privé haut de gamme | FR,,,,,,,,,,,,"Sainte-Marthe-sur-le-Lac,Quebec,Canada",9047929,,,,,,,,,,,,,,,,,,,,,,,,,,,,,,,,,,,,,,,,,,,,,,,,,
SRCH | Mariage & privé haut de gamme | FR,,,,,,,,,,,,"Pointe-Calumet,Quebec,Canada",9104446,,,,,,,,,,,,,,,,,,,,,,,,,,,,,,,,,,,,,,,,,,,,,,,,,
SRCH | Mariage & privé haut de gamme | FR,,,,,,,,,,,,"Saint-Joseph-du-Lac,Quebec,Canada",9104305,,,,,,,,,,,,,,,,,,,,,,,,,,,,,,,,,,,,,,,,,,,,,,,,,
SRCH | Mariage & privé haut de gamme | FR,,,,,,,,,,,,"Oka,Quebec,Canada",9105116,,,,,,,,,,,,,,,,,,,,,,,,,,,,,,,,,,,,,,,,,,,,,,,,,
SRCH | Mariage & privé haut de gamme | FR,,,,,,,,,,,,"Saint-Placide,Quebec,Canada",9105232,,,,,,,,,,,,,,,,,,,,,,,,,,,,,,,,,,,,,,,,,,,,,,,,,
SRCH | Mariage & privé haut de gamme | FR,,,,,,,,,,,,"Saint-Jerome,Quebec,Canada",1002667,,,,,,,,,,,,,,,,,,,,,,,,,,,,,,,,,,,,,,,,,,,,,,,,,
SRCH | Marque | FR,,,,,,,,,,,,"Quebec,Canada",20123,,,,,,,,,,,,,,,,,,,,,,,,,,,,,,,,,,,,,,,,,,,,,,,,,
SRCH | Corporatif | FR,,,,,,,,,,,,,,,Party des Fêtes / fête de bureau,Standard,Enabled,,,,,,,,,,,,,,,,,,,,,,,,,,,,,,,,,,,,,,,,,,,,,
SRCH | Corporatif | FR,,,,,,,,,,,,,,,5 à 7 corporatif,Standard,Enabled,,,,,,,,,,,,,,,,,,,,,,,,,,,,,,,,,,,,,,,,,,,,,
SRCH | Corporatif | FR,,,,,,,,,,,,,,,Gala & soirée d'entreprise,Standard,Enabled,,,,,,,,,,,,,,,,,,,,,,,,,,,,,,,,,,,,,,,,,,,,,
SRCH | Corporatif | FR,,,,,,,,,,,,,,,Team building / jeux géants corporatif,Standard,Enabled,,,,,,,,,,,,,,,,,,,,,,,,,,,,,,,,,,,,,,,,,,,,,
SRCH | Corporatif | FR,,,,,,,,,,,,,,,Photobooth 360 corporatif,Standard,Enabled,,,,,,,,,,,,,,,,,,,,,,,,,,,,,,,,,,,,,,,,,,,,,
SRCH | Corporatif | FR,,,,,,,,,,,,,,,Lancement / activation de marque,Standard,Enabled,,,,,,,,,,,,,,,,,,,,,,,,,,,,,,,,,,,,,,,,,,,,,
SRCH | Corporatif | FR,,,,,,,,,,,,,,,Fournisseur événementiel clé en main,Standard,Enabled,,,,,,,,,,,,,,,,,,,,,,,,,,,,,,,,,,,,,,,,,,,,,
SRCH | Mariage & privé haut de gamme | FR,,,,,,,,,,,,,,,Location déco mariage,Standard,Enabled,,,,,,,,,,,,,,,,,,,,,,,,,,,,,,,,,,,,,,,,,,,,,
SRCH | Mariage & privé haut de gamme | FR,,,,,,,,,,,,,,,Arche / lettres lumineuses,Standard,Enabled,,,,,,,,,,,,,,,,,,,,,,,,,,,,,,,,,,,,,,,,,,,,,
SRCH | Mariage & privé haut de gamme | FR,,,,,,,,,,,,,,,Chapiteau mariage,Standard,Enabled,,,,,,,,,,,,,,,,,,,,,,,,,,,,,,,,,,,,,,,,,,,,,
SRCH | Mariage & privé haut de gamme | FR,,,,,,,,,,,,,,,Mobilier mariage,Standard,Enabled,,,,,,,,,,,,,,,,,,,,,,,,,,,,,,,,,,,,,,,,,,,,,
SRCH | Mariage & privé haut de gamme | FR,,,,,,,,,,,,,,,Photobooth mariage,Standard,Enabled,,,,,,,,,,,,,,,,,,,,,,,,,,,,,,,,,,,,,,,,,,,,,
SRCH | Mariage & privé haut de gamme | FR,,,,,,,,,,,,,,,Événement privé clé en main,Standard,Enabled,,,,,,,,,,,,,,,,,,,,,,,,,,,,,,,,,,,,,,,,,,,,,
SRCH | Marque | FR,,,,,,,,,,,,,,,Evenox – Marque,Standard,Enabled,,,,,,,,,,,,,,,,,,,,,,,,,,,,,,,,,,,,,,,,,,,,,
SRCH | Corporatif | FR,,,,,,,,,,,,,,,Party des Fêtes / fête de bureau,,,party des fêtes entreprise,Phrase,Enabled,,,,,,,,,,,,,,,,,,,,,,,,,,,,,,,,,,,,,,,,,,
SRCH | Corporatif | FR,,,,,,,,,,,,,,,Party des Fêtes / fête de bureau,,,party des fêtes entreprise,Exact,Enabled,,,,,,,,,,,,,,,,,,,,,,,,,,,,,,,,,,,,,,,,,,
SRCH | Corporatif | FR,,,,,,,,,,,,,,,Party des Fêtes / fête de bureau,,,party de bureau,Phrase,Enabled,,,,,,,,,,,,,,,,,,,,,,,,,,,,,,,,,,,,,,,,,,
SRCH | Corporatif | FR,,,,,,,,,,,,,,,Party des Fêtes / fête de bureau,,,party de bureau,Exact,Enabled,,,,,,,,,,,,,,,,,,,,,,,,,,,,,,,,,,,,,,,,,,
SRCH | Corporatif | FR,,,,,,,,,,,,,,,Party des Fêtes / fête de bureau,,,party de noël entreprise,Phrase,Enabled,,,,,,,,,,,,,,,,,,,,,,,,,,,,,,,,,,,,,,,,,,
SRCH | Corporatif | FR,,,,,,,,,,,,,,,Party des Fêtes / fête de bureau,,,party de noël entreprise,Exact,Enabled,,,,,,,,,,,,,,,,,,,,,,,,,,,,,,,,,,,,,,,,,,
SRCH | Corporatif | FR,,,,,,,,,,,,,,,Party des Fêtes / fête de bureau,,,fête de bureau,Phrase,Enabled,,,,,,,,,,,,,,,,,,,,,,,,,,,,,,,,,,,,,,,,,,
SRCH | Corporatif | FR,,,,,,,,,,,,,,,Party des Fêtes / fête de bureau,,,fête de bureau,Exact,Enabled,,,,,,,,,,,,,,,,,,,,,,,,,,,,,,,,,,,,,,,,,,
SRCH | Corporatif | FR,,,,,,,,,,,,,,,Party des Fêtes / fête de bureau,,,party des fêtes clé en main,Phrase,Enabled,,,,,,,,,,,,,,,,,,,,,,,,,,,,,,,,,,,,,,,,,,
SRCH | Corporatif | FR,,,,,,,,,,,,,,,Party des Fêtes / fête de bureau,,,party des fêtes clé en main,Exact,Enabled,,,,,,,,,,,,,,,,,,,,,,,,,,,,,,,,,,,,,,,,,,
SRCH | Corporatif | FR,,,,,,,,,,,,,,,Party des Fêtes / fête de bureau,,,organisation party de bureau,Phrase,Enabled,,,,,,,,,,,,,,,,,,,,,,,,,,,,,,,,,,,,,,,,,,
SRCH | Corporatif | FR,,,,,,,,,,,,,,,Party des Fêtes / fête de bureau,,,organisation party de bureau,Exact,Enabled,,,,,,,,,,,,,,,,,,,,,,,,,,,,,,,,,,,,,,,,,,
SRCH | Corporatif | FR,,,,,,,,,,,,,,,Party des Fêtes / fête de bureau,,,location party de noël,Phrase,Enabled,,,,,,,,,,,,,,,,,,,,,,,,,,,,,,,,,,,,,,,,,,
SRCH | Corporatif | FR,,,,,,,,,,,,,,,Party des Fêtes / fête de bureau,,,location party de noël,Exact,Enabled,,,,,,,,,,,,,,,,,,,,,,,,,,,,,,,,,,,,,,,,,,
SRCH | Corporatif | FR,,,,,,,,,,,,,,,Party des Fêtes / fête de bureau,,,party de noël bureau laval,Phrase,Enabled,,,,,,,,,,,,,,,,,,,,,,,,,,,,,,,,,,,,,,,,,,
SRCH | Corporatif | FR,,,,,,,,,,,,,,,Party des Fêtes / fête de bureau,,,party de noël bureau laval,Exact,Enabled,,,,,,,,,,,,,,,,,,,,,,,,,,,,,,,,,,,,,,,,,,
SRCH | Corporatif | FR,,,,,,,,,,,,,,,Party des Fêtes / fête de bureau,,,party des fêtes montréal,Phrase,Enabled,,,,,,,,,,,,,,,,,,,,,,,,,,,,,,,,,,,,,,,,,,
SRCH | Corporatif | FR,,,,,,,,,,,,,,,Party des Fêtes / fête de bureau,,,party des fêtes montréal,Exact,Enabled,,,,,,,,,,,,,,,,,,,,,,,,,,,,,,,,,,,,,,,,,,
SRCH | Corporatif | FR,,,,,,,,,,,,,,,5 à 7 corporatif,,,5 à 7 corporatif,Phrase,Enabled,,,,,,,,,,,,,,,,,,,,,,,,,,,,,,,,,,,,,,,,,,
SRCH | Corporatif | FR,,,,,,,,,,,,,,,5 à 7 corporatif,,,5 à 7 corporatif,Exact,Enabled,,,,,,,,,,,,,,,,,,,,,,,,,,,,,,,,,,,,,,,,,,
SRCH | Corporatif | FR,,,,,,,,,,,,,,,5 à 7 corporatif,,,5 à 7 entreprise,Phrase,Enabled,,,,,,,,,,,,,,,,,,,,,,,,,,,,,,,,,,,,,,,,,,
SRCH | Corporatif | FR,,,,,,,,,,,,,,,5 à 7 corporatif,,,5 à 7 entreprise,Exact,Enabled,,,,,,,,,,,,,,,,,,,,,,,,,,,,,,,,,,,,,,,,,,
SRCH | Corporatif | FR,,,,,,,,,,,,,,,5 à 7 corporatif,,,organiser un 5 à 7,Phrase,Enabled,,,,,,,,,,,,,,,,,,,,,,,,,,,,,,,,,,,,,,,,,,
SRCH | Corporatif | FR,,,,,,,,,,,,,,,5 à 7 corporatif,,,organiser un 5 à 7,Exact,Enabled,,,,,,,,,,,,,,,,,,,,,,,,,,,,,,,,,,,,,,,,,,
SRCH | Corporatif | FR,,,,,,,,,,,,,,,5 à 7 corporatif,,,5 à 7 d'équipe,Phrase,Enabled,,,,,,,,,,,,,,,,,,,,,,,,,,,,,,,,,,,,,,,,,,
SRCH | Corporatif | FR,,,,,,,,,,,,,,,5 à 7 corporatif,,,5 à 7 d'équipe,Exact,Enabled,,,,,,,,,,,,,,,,,,,,,,,,,,,,,,,,,,,,,,,,,,
SRCH | Corporatif | FR,,,,,,,,,,,,,,,5 à 7 corporatif,,,location 5 à 7,Phrase,Enabled,,,,,,,,,,,,,,,,,,,,,,,,,,,,,,,,,,,,,,,,,,
SRCH | Corporatif | FR,,,,,,,,,,,,,,,5 à 7 corporatif,,,location 5 à 7,Exact,Enabled,,,,,,,,,,,,,,,,,,,,,,,,,,,,,,,,,,,,,,,,,,
SRCH | Corporatif | FR,,,,,,,,,,,,,,,5 à 7 corporatif,,,5 à 7 bureau,Phrase,Enabled,,,,,,,,,,,,,,,,,,,,,,,,,,,,,,,,,,,,,,,,,,
SRCH | Corporatif | FR,,,,,,,,,,,,,,,5 à 7 corporatif,,,5 à 7 bureau,Exact,Enabled,,,,,,,,,,,,,,,,,,,,,,,,,,,,,,,,,,,,,,,,,,
SRCH | Corporatif | FR,,,,,,,,,,,,,,,5 à 7 corporatif,,,cocktail d'entreprise,Phrase,Enabled,,,,,,,,,,,,,,,,,,,,,,,,,,,,,,,,,,,,,,,,,,
SRCH | Corporatif | FR,,,,,,,,,,,,,,,5 à 7 corporatif,,,cocktail d'entreprise,Exact,Enabled,,,,,,,,,,,,,,,,,,,,,,,,,,,,,,,,,,,,,,,,,,
SRCH | Corporatif | FR,,,,,,,,,,,,,,,5 à 7 corporatif,,,5 a 7 corporatif montréal,Phrase,Enabled,,,,,,,,,,,,,,,,,,,,,,,,,,,,,,,,,,,,,,,,,,
SRCH | Corporatif | FR,,,,,,,,,,,,,,,5 à 7 corporatif,,,5 a 7 corporatif montréal,Exact,Enabled,,,,,,,,,,,,,,,,,,,,,,,,,,,,,,,,,,,,,,,,,,
SRCH | Corporatif | FR,,,,,,,,,,,,,,,Gala & soirée d'entreprise,,,gala d'entreprise,Phrase,Enabled,,,,,,,,,,,,,,,,,,,,,,,,,,,,,,,,,,,,,,,,,,
SRCH | Corporatif | FR,,,,,,,,,,,,,,,Gala & soirée d'entreprise,,,gala d'entreprise,Exact,Enabled,,,,,,,,,,,,,,,,,,,,,,,,,,,,,,,,,,,,,,,,,,
SRCH | Corporatif | FR,,,,,,,,,,,,,,,Gala & soirée d'entreprise,,,soirée d'entreprise,Phrase,Enabled,,,,,,,,,,,,,,,,,,,,,,,,,,,,,,,,,,,,,,,,,,
SRCH | Corporatif | FR,,,,,,,,,,,,,,,Gala & soirée d'entreprise,,,soirée d'entreprise,Exact,Enabled,,,,,,,,,,,,,,,,,,,,,,,,,,,,,,,,,,,,,,,,,,
SRCH | Corporatif | FR,,,,,,,,,,,,,,,Gala & soirée d'entreprise,,,organisation gala corporatif,Phrase,Enabled,,,,,,,,,,,,,,,,,,,,,,,,,,,,,,,,,,,,,,,,,,
SRCH | Corporatif | FR,,,,,,,,,,,,,,,Gala & soirée d'entreprise,,,organisation gala corporatif,Exact,Enabled,,,,,,,,,,,,,,,,,,,,,,,,,,,,,,,,,,,,,,,,,,
SRCH | Corporatif | FR,,,,,,,,,,,,,,,Gala & soirée d'entreprise,,,location équipement gala,Phrase,Enabled,,,,,,,,,,,,,,,,,,,,,,,,,,,,,,,,,,,,,,,,,,
SRCH | Corporatif | FR,,,,,,,,,,,,,,,Gala & soirée d'entreprise,,,location équipement gala,Exact,Enabled,,,,,,,,,,,,,,,,,,,,,,,,,,,,,,,,,,,,,,,,,,
SRCH | Corporatif | FR,,,,,,,,,,,,,,,Gala & soirée d'entreprise,,,soirée corporative,Phrase,Enabled,,,,,,,,,,,,,,,,,,,,,,,,,,,,,,,,,,,,,,,,,,
SRCH | Corporatif | FR,,,,,,,,,,,,,,,Gala & soirée d'entreprise,,,soirée corporative,Exact,Enabled,,,,,,,,,,,,,,,,,,,,,,,,,,,,,,,,,,,,,,,,,,
SRCH | Corporatif | FR,,,,,,,,,,,,,,,Gala & soirée d'entreprise,,,gala reconnaissance employés,Phrase,Enabled,,,,,,,,,,,,,,,,,,,,,,,,,,,,,,,,,,,,,,,,,,
SRCH | Corporatif | FR,,,,,,,,,,,,,,,Gala & soirée d'entreprise,,,gala reconnaissance employés,Exact,Enabled,,,,,,,,,,,,,,,,,,,,,,,,,,,,,,,,,,,,,,,,,,
SRCH | Corporatif | FR,,,,,,,,,,,,,,,Gala & soirée d'entreprise,,,décor gala entreprise,Phrase,Enabled,,,,,,,,,,,,,,,,,,,,,,,,,,,,,,,,,,,,,,,,,,
SRCH | Corporatif | FR,,,,,,,,,,,,,,,Gala & soirée d'entreprise,,,décor gala entreprise,Exact,Enabled,,,,,,,,,,,,,,,,,,,,,,,,,,,,,,,,,,,,,,,,,,
SRCH | Corporatif | FR,,,,,,,,,,,,,,,Gala & soirée d'entreprise,,,soirée corporative laval,Phrase,Enabled,,,,,,,,,,,,,,,,,,,,,,,,,,,,,,,,,,,,,,,,,,
SRCH | Corporatif | FR,,,,,,,,,,,,,,,Gala & soirée d'entreprise,,,soirée corporative laval,Exact,Enabled,,,,,,,,,,,,,,,,,,,,,,,,,,,,,,,,,,,,,,,,,,
SRCH | Corporatif | FR,,,,,,,,,,,,,,,Gala & soirée d'entreprise,,,gala corporatif montréal,Phrase,Enabled,,,,,,,,,,,,,,,,,,,,,,,,,,,,,,,,,,,,,,,,,,
SRCH | Corporatif | FR,,,,,,,,,,,,,,,Gala & soirée d'entreprise,,,gala corporatif montréal,Exact,Enabled,,,,,,,,,,,,,,,,,,,,,,,,,,,,,,,,,,,,,,,,,,
SRCH | Corporatif | FR,,,,,,,,,,,,,,,Team building / jeux géants corporatif,,,team building,Phrase,Enabled,,,,,,,,,,,,,,,,,,,,,,,,,,,,,,,,,,,,,,,,,,
SRCH | Corporatif | FR,,,,,,,,,,,,,,,Team building / jeux géants corporatif,,,team building,Exact,Enabled,,,,,,,,,,,,,,,,,,,,,,,,,,,,,,,,,,,,,,,,,,
SRCH | Corporatif | FR,,,,,,,,,,,,,,,Team building / jeux géants corporatif,,,activité team building,Phrase,Enabled,,,,,,,,,,,,,,,,,,,,,,,,,,,,,,,,,,,,,,,,,,
SRCH | Corporatif | FR,,,,,,,,,,,,,,,Team building / jeux géants corporatif,,,activité team building,Exact,Enabled,,,,,,,,,,,,,,,,,,,,,,,,,,,,,,,,,,,,,,,,,,
SRCH | Corporatif | FR,,,,,,,,,,,,,,,Team building / jeux géants corporatif,,,jeux géants location,Phrase,Enabled,,,,,,,,,,,,,,,,,,,,,,,,,,,,,,,,,,,,,,,,,,
SRCH | Corporatif | FR,,,,,,,,,,,,,,,Team building / jeux géants corporatif,,,jeux géants location,Exact,Enabled,,,,,,,,,,,,,,,,,,,,,,,,,,,,,,,,,,,,,,,,,,
SRCH | Corporatif | FR,,,,,,,,,,,,,,,Team building / jeux géants corporatif,,,location jeux géants,Phrase,Enabled,,,,,,,,,,,,,,,,,,,,,,,,,,,,,,,,,,,,,,,,,,
SRCH | Corporatif | FR,,,,,,,,,,,,,,,Team building / jeux géants corporatif,,,location jeux géants,Exact,Enabled,,,,,,,,,,,,,,,,,,,,,,,,,,,,,,,,,,,,,,,,,,
SRCH | Corporatif | FR,,,,,,,,,,,,,,,Team building / jeux géants corporatif,,,activité consolidation d'équipe,Phrase,Enabled,,,,,,,,,,,,,,,,,,,,,,,,,,,,,,,,,,,,,,,,,,
SRCH | Corporatif | FR,,,,,,,,,,,,,,,Team building / jeux géants corporatif,,,activité consolidation d'équipe,Exact,Enabled,,,,,,,,,,,,,,,,,,,,,,,,,,,,,,,,,,,,,,,,,,
SRCH | Corporatif | FR,,,,,,,,,,,,,,,Team building / jeux géants corporatif,,,team building laval,Phrase,Enabled,,,,,,,,,,,,,,,,,,,,,,,,,,,,,,,,,,,,,,,,,,
SRCH | Corporatif | FR,,,,,,,,,,,,,,,Team building / jeux géants corporatif,,,team building laval,Exact,Enabled,,,,,,,,,,,,,,,,,,,,,,,,,,,,,,,,,,,,,,,,,,
SRCH | Corporatif | FR,,,,,,,,,,,,,,,Team building / jeux géants corporatif,,,team building montréal,Phrase,Enabled,,,,,,,,,,,,,,,,,,,,,,,,,,,,,,,,,,,,,,,,,,
SRCH | Corporatif | FR,,,,,,,,,,,,,,,Team building / jeux géants corporatif,,,team building montréal,Exact,Enabled,,,,,,,,,,,,,,,,,,,,,,,,,,,,,,,,,,,,,,,,,,
SRCH | Corporatif | FR,,,,,,,,,,,,,,,Team building / jeux géants corporatif,,,jeux géants corporatif,Phrase,Enabled,,,,,,,,,,,,,,,,,,,,,,,,,,,,,,,,,,,,,,,,,,
SRCH | Corporatif | FR,,,,,,,,,,,,,,,Team building / jeux géants corporatif,,,jeux géants corporatif,Exact,Enabled,,,,,,,,,,,,,,,,,,,,,,,,,,,,,,,,,,,,,,,,,,
SRCH | Corporatif | FR,,,,,,,,,,,,,,,Team building / jeux géants corporatif,,,activité d'équipe entreprise,Phrase,Enabled,,,,,,,,,,,,,,,,,,,,,,,,,,,,,,,,,,,,,,,,,,
SRCH | Corporatif | FR,,,,,,,,,,,,,,,Team building / jeux géants corporatif,,,activité d'équipe entreprise,Exact,Enabled,,,,,,,,,,,,,,,,,,,,,,,,,,,,,,,,,,,,,,,,,,
SRCH | Corporatif | FR,,,,,,,,,,,,,,,Photobooth 360 corporatif,,,photobooth 360,Phrase,Enabled,,,,,,,,,,,,,,,,,,,,,,,,,,,,,,,,,,,,,,,,,,
SRCH | Corporatif | FR,,,,,,,,,,,,,,,Photobooth 360 corporatif,,,photobooth 360,Exact,Enabled,,,,,,,,,,,,,,,,,,,,,,,,,,,,,,,,,,,,,,,,,,
SRCH | Corporatif | FR,,,,,,,,,,,,,,,Photobooth 360 corporatif,,,location photobooth 360,Phrase,Enabled,,,,,,,,,,,,,,,,,,,,,,,,,,,,,,,,,,,,,,,,,,
SRCH | Corporatif | FR,,,,,,,,,,,,,,,Photobooth 360 corporatif,,,location photobooth 360,Exact,Enabled,,,,,,,,,,,,,,,,,,,,,,,,,,,,,,,,,,,,,,,,,,
SRCH | Corporatif | FR,,,,,,,,,,,,,,,Photobooth 360 corporatif,,,photobooth entreprise,Phrase,Enabled,,,,,,,,,,,,,,,,,,,,,,,,,,,,,,,,,,,,,,,,,,
SRCH | Corporatif | FR,,,,,,,,,,,,,,,Photobooth 360 corporatif,,,photobooth entreprise,Exact,Enabled,,,,,,,,,,,,,,,,,,,,,,,,,,,,,,,,,,,,,,,,,,
SRCH | Corporatif | FR,,,,,,,,,,,,,,,Photobooth 360 corporatif,,,cabine photo 360,Phrase,Enabled,,,,,,,,,,,,,,,,,,,,,,,,,,,,,,,,,,,,,,,,,,
SRCH | Corporatif | FR,,,,,,,,,,,,,,,Photobooth 360 corporatif,,,cabine photo 360,Exact,Enabled,,,,,,,,,,,,,,,,,,,,,,,,,,,,,,,,,,,,,,,,,,
SRCH | Corporatif | FR,,,,,,,,,,,,,,,Photobooth 360 corporatif,,,location cabine photo,Phrase,Enabled,,,,,,,,,,,,,,,,,,,,,,,,,,,,,,,,,,,,,,,,,,
SRCH | Corporatif | FR,,,,,,,,,,,,,,,Photobooth 360 corporatif,,,location cabine photo,Exact,Enabled,,,,,,,,,,,,,,,,,,,,,,,,,,,,,,,,,,,,,,,,,,
SRCH | Corporatif | FR,,,,,,,,,,,,,,,Photobooth 360 corporatif,,,photobooth corporatif,Phrase,Enabled,,,,,,,,,,,,,,,,,,,,,,,,,,,,,,,,,,,,,,,,,,
SRCH | Corporatif | FR,,,,,,,,,,,,,,,Photobooth 360 corporatif,,,photobooth corporatif,Exact,Enabled,,,,,,,,,,,,,,,,,,,,,,,,,,,,,,,,,,,,,,,,,,
SRCH | Corporatif | FR,,,,,,,,,,,,,,,Photobooth 360 corporatif,,,photobooth 360 montréal,Phrase,Enabled,,,,,,,,,,,,,,,,,,,,,,,,,,,,,,,,,,,,,,,,,,
SRCH | Corporatif | FR,,,,,,,,,,,,,,,Photobooth 360 corporatif,,,photobooth 360 montréal,Exact,Enabled,,,,,,,,,,,,,,,,,,,,,,,,,,,,,,,,,,,,,,,,,,
SRCH | Corporatif | FR,,,,,,,,,,,,,,,Photobooth 360 corporatif,,,photobooth 360 laval,Phrase,Enabled,,,,,,,,,,,,,,,,,,,,,,,,,,,,,,,,,,,,,,,,,,
SRCH | Corporatif | FR,,,,,,,,,,,,,,,Photobooth 360 corporatif,,,photobooth 360 laval,Exact,Enabled,,,,,,,,,,,,,,,,,,,,,,,,,,,,,,,,,,,,,,,,,,
SRCH | Corporatif | FR,,,,,,,,,,,,,,,Photobooth 360 corporatif,,,cabine photo événement,Phrase,Enabled,,,,,,,,,,,,,,,,,,,,,,,,,,,,,,,,,,,,,,,,,,
SRCH | Corporatif | FR,,,,,,,,,,,,,,,Photobooth 360 corporatif,,,cabine photo événement,Exact,Enabled,,,,,,,,,,,,,,,,,,,,,,,,,,,,,,,,,,,,,,,,,,
SRCH | Corporatif | FR,,,,,,,,,,,,,,,Lancement / activation de marque,,,activation de marque,Phrase,Enabled,,,,,,,,,,,,,,,,,,,,,,,,,,,,,,,,,,,,,,,,,,
SRCH | Corporatif | FR,,,,,,,,,,,,,,,Lancement / activation de marque,,,activation de marque,Exact,Enabled,,,,,,,,,,,,,,,,,,,,,,,,,,,,,,,,,,,,,,,,,,
SRCH | Corporatif | FR,,,,,,,,,,,,,,,Lancement / activation de marque,,,lancement de produit événement,Phrase,Enabled,,,,,,,,,,,,,,,,,,,,,,,,,,,,,,,,,,,,,,,,,,
SRCH | Corporatif | FR,,,,,,,,,,,,,,,Lancement / activation de marque,,,lancement de produit événement,Exact,Enabled,,,,,,,,,,,,,,,,,,,,,,,,,,,,,,,,,,,,,,,,,,
SRCH | Corporatif | FR,,,,,,,,,,,,,,,Lancement / activation de marque,,,événement promotionnel,Phrase,Enabled,,,,,,,,,,,,,,,,,,,,,,,,,,,,,,,,,,,,,,,,,,
SRCH | Corporatif | FR,,,,,,,,,,,,,,,Lancement / activation de marque,,,événement promotionnel,Exact,Enabled,,,,,,,,,,,,,,,,,,,,,,,,,,,,,,,,,,,,,,,,,,
SRCH | Corporatif | FR,,,,,,,,,,,,,,,Lancement / activation de marque,,,location équipement événement corporatif,Phrase,Enabled,,,,,,,,,,,,,,,,,,,,,,,,,,,,,,,,,,,,,,,,,,
SRCH | Corporatif | FR,,,,,,,,,,,,,,,Lancement / activation de marque,,,location équipement événement corporatif,Exact,Enabled,,,,,,,,,,,,,,,,,,,,,,,,,,,,,,,,,,,,,,,,,,
SRCH | Corporatif | FR,,,,,,,,,,,,,,,Lancement / activation de marque,,,lancement d'entreprise,Phrase,Enabled,,,,,,,,,,,,,,,,,,,,,,,,,,,,,,,,,,,,,,,,,,
SRCH | Corporatif | FR,,,,,,,,,,,,,,,Lancement / activation de marque,,,lancement d'entreprise,Exact,Enabled,,,,,,,,,,,,,,,,,,,,,,,,,,,,,,,,,,,,,,,,,,
SRCH | Corporatif | FR,,,,,,,,,,,,,,,Lancement / activation de marque,,,kiosque événementiel,Phrase,Enabled,,,,,,,,,,,,,,,,,,,,,,,,,,,,,,,,,,,,,,,,,,
SRCH | Corporatif | FR,,,,,,,,,,,,,,,Lancement / activation de marque,,,kiosque événementiel,Exact,Enabled,,,,,,,,,,,,,,,,,,,,,,,,,,,,,,,,,,,,,,,,,,
SRCH | Corporatif | FR,,,,,,,,,,,,,,,Lancement / activation de marque,,,événement de lancement,Phrase,Enabled,,,,,,,,,,,,,,,,,,,,,,,,,,,,,,,,,,,,,,,,,,
SRCH | Corporatif | FR,,,,,,,,,,,,,,,Lancement / activation de marque,,,événement de lancement,Exact,Enabled,,,,,,,,,,,,,,,,,,,,,,,,,,,,,,,,,,,,,,,,,,
SRCH | Corporatif | FR,,,,,,,,,,,,,,,Lancement / activation de marque,,,activation marketing événement,Phrase,Enabled,,,,,,,,,,,,,,,,,,,,,,,,,,,,,,,,,,,,,,,,,,
SRCH | Corporatif | FR,,,,,,,,,,,,,,,Lancement / activation de marque,,,activation marketing événement,Exact,Enabled,,,,,,,,,,,,,,,,,,,,,,,,,,,,,,,,,,,,,,,,,,
SRCH | Corporatif | FR,,,,,,,,,,,,,,,Fournisseur événementiel clé en main,,,fournisseur événementiel,Phrase,Enabled,,,,,,,,,,,,,,,,,,,,,,,,,,,,,,,,,,,,,,,,,,
SRCH | Corporatif | FR,,,,,,,,,,,,,,,Fournisseur événementiel clé en main,,,fournisseur événementiel,Exact,Enabled,,,,,,,,,,,,,,,,,,,,,,,,,,,,,,,,,,,,,,,,,,
SRCH | Corporatif | FR,,,,,,,,,,,,,,,Fournisseur événementiel clé en main,,,location équipement événementiel,Phrase,Enabled,,,,,,,,,,,,,,,,,,,,,,,,,,,,,,,,,,,,,,,,,,
SRCH | Corporatif | FR,,,,,,,,,,,,,,,Fournisseur événementiel clé en main,,,location équipement événementiel,Exact,Enabled,,,,,,,,,,,,,,,,,,,,,,,,,,,,,,,,,,,,,,,,,,
SRCH | Corporatif | FR,,,,,,,,,,,,,,,Fournisseur événementiel clé en main,,,événement corporatif clé en main,Phrase,Enabled,,,,,,,,,,,,,,,,,,,,,,,,,,,,,,,,,,,,,,,,,,
SRCH | Corporatif | FR,,,,,,,,,,,,,,,Fournisseur événementiel clé en main,,,événement corporatif clé en main,Exact,Enabled,,,,,,,,,,,,,,,,,,,,,,,,,,,,,,,,,,,,,,,,,,
SRCH | Corporatif | FR,,,,,,,,,,,,,,,Fournisseur événementiel clé en main,,,location matériel événement,Phrase,Enabled,,,,,,,,,,,,,,,,,,,,,,,,,,,,,,,,,,,,,,,,,,
SRCH | Corporatif | FR,,,,,,,,,,,,,,,Fournisseur événementiel clé en main,,,location matériel événement,Exact,Enabled,,,,,,,,,,,,,,,,,,,,,,,,,,,,,,,,,,,,,,,,,,
SRCH | Corporatif | FR,,,,,,,,,,,,,,,Fournisseur événementiel clé en main,,,organisation événement corporatif,Phrase,Enabled,,,,,,,,,,,,,,,,,,,,,,,,,,,,,,,,,,,,,,,,,,
SRCH | Corporatif | FR,,,,,,,,,,,,,,,Fournisseur événementiel clé en main,,,organisation événement corporatif,Exact,Enabled,,,,,,,,,,,,,,,,,,,,,,,,,,,,,,,,,,,,,,,,,,
SRCH | Corporatif | FR,,,,,,,,,,,,,,,Fournisseur événementiel clé en main,,,location événementielle laval,Phrase,Enabled,,,,,,,,,,,,,,,,,,,,,,,,,,,,,,,,,,,,,,,,,,
SRCH | Corporatif | FR,,,,,,,,,,,,,,,Fournisseur événementiel clé en main,,,location événementielle laval,Exact,Enabled,,,,,,,,,,,,,,,,,,,,,,,,,,,,,,,,,,,,,,,,,,
SRCH | Corporatif | FR,,,,,,,,,,,,,,,Fournisseur événementiel clé en main,,,location événementielle rive-nord,Phrase,Enabled,,,,,,,,,,,,,,,,,,,,,,,,,,,,,,,,,,,,,,,,,,
SRCH | Corporatif | FR,,,,,,,,,,,,,,,Fournisseur événementiel clé en main,,,location événementielle rive-nord,Exact,Enabled,,,,,,,,,,,,,,,,,,,,,,,,,,,,,,,,,,,,,,,,,,
SRCH | Corporatif | FR,,,,,,,,,,,,,,,Fournisseur événementiel clé en main,,,location mobilier événement corporatif,Phrase,Enabled,,,,,,,,,,,,,,,,,,,,,,,,,,,,,,,,,,,,,,,,,,
SRCH | Corporatif | FR,,,,,,,,,,,,,,,Fournisseur événementiel clé en main,,,location mobilier événement corporatif,Exact,Enabled,,,,,,,,,,,,,,,,,,,,,,,,,,,,,,,,,,,,,,,,,,
SRCH | Corporatif | FR,,,,,,,,,,,,,,,Fournisseur événementiel clé en main,,,événement d'entreprise clé en main,Phrase,Enabled,,,,,,,,,,,,,,,,,,,,,,,,,,,,,,,,,,,,,,,,,,
SRCH | Corporatif | FR,,,,,,,,,,,,,,,Fournisseur événementiel clé en main,,,événement d'entreprise clé en main,Exact,Enabled,,,,,,,,,,,,,,,,,,,,,,,,,,,,,,,,,,,,,,,,,,
SRCH | Mariage & privé haut de gamme | FR,,,,,,,,,,,,,,,Location déco mariage,,,location déco mariage,Phrase,Enabled,,,,,,,,,,,,,,,,,,,,,,,,,,,,,,,,,,,,,,,,,,
SRCH | Mariage & privé haut de gamme | FR,,,,,,,,,,,,,,,Location déco mariage,,,location déco mariage,Exact,Enabled,,,,,,,,,,,,,,,,,,,,,,,,,,,,,,,,,,,,,,,,,,
SRCH | Mariage & privé haut de gamme | FR,,,,,,,,,,,,,,,Location déco mariage,,,location décoration mariage,Phrase,Enabled,,,,,,,,,,,,,,,,,,,,,,,,,,,,,,,,,,,,,,,,,,
SRCH | Mariage & privé haut de gamme | FR,,,,,,,,,,,,,,,Location déco mariage,,,location décoration mariage,Exact,Enabled,,,,,,,,,,,,,,,,,,,,,,,,,,,,,,,,,,,,,,,,,,
SRCH | Mariage & privé haut de gamme | FR,,,,,,,,,,,,,,,Location déco mariage,,,décoration mariage,Phrase,Enabled,,,,,,,,,,,,,,,,,,,,,,,,,,,,,,,,,,,,,,,,,,
SRCH | Mariage & privé haut de gamme | FR,,,,,,,,,,,,,,,Location déco mariage,,,décoration mariage,Exact,Enabled,,,,,,,,,,,,,,,,,,,,,,,,,,,,,,,,,,,,,,,,,,
SRCH | Mariage & privé haut de gamme | FR,,,,,,,,,,,,,,,Location déco mariage,,,déco mariage clé en main,Phrase,Enabled,,,,,,,,,,,,,,,,,,,,,,,,,,,,,,,,,,,,,,,,,,
SRCH | Mariage & privé haut de gamme | FR,,,,,,,,,,,,,,,Location déco mariage,,,déco mariage clé en main,Exact,Enabled,,,,,,,,,,,,,,,,,,,,,,,,,,,,,,,,,,,,,,,,,,
SRCH | Mariage & privé haut de gamme | FR,,,,,,,,,,,,,,,Location déco mariage,,,location décor mariage,Phrase,Enabled,,,,,,,,,,,,,,,,,,,,,,,,,,,,,,,,,,,,,,,,,,
SRCH | Mariage & privé haut de gamme | FR,,,,,,,,,,,,,,,Location déco mariage,,,location décor mariage,Exact,Enabled,,,,,,,,,,,,,,,,,,,,,,,,,,,,,,,,,,,,,,,,,,
SRCH | Mariage & privé haut de gamme | FR,,,,,,,,,,,,,,,Location déco mariage,,,décoration salle mariage,Phrase,Enabled,,,,,,,,,,,,,,,,,,,,,,,,,,,,,,,,,,,,,,,,,,
SRCH | Mariage & privé haut de gamme | FR,,,,,,,,,,,,,,,Location déco mariage,,,décoration salle mariage,Exact,Enabled,,,,,,,,,,,,,,,,,,,,,,,,,,,,,,,,,,,,,,,,,,
SRCH | Mariage & privé haut de gamme | FR,,,,,,,,,,,,,,,Location déco mariage,,,déco mariage laval,Phrase,Enabled,,,,,,,,,,,,,,,,,,,,,,,,,,,,,,,,,,,,,,,,,,
SRCH | Mariage & privé haut de gamme | FR,,,,,,,,,,,,,,,Location déco mariage,,,déco mariage laval,Exact,Enabled,,,,,,,,,,,,,,,,,,,,,,,,,,,,,,,,,,,,,,,,,,
SRCH | Mariage & privé haut de gamme | FR,,,,,,,,,,,,,,,Location déco mariage,,,décoration mariage rive-nord,Phrase,Enabled,,,,,,,,,,,,,,,,,,,,,,,,,,,,,,,,,,,,,,,,,,
SRCH | Mariage & privé haut de gamme | FR,,,,,,,,,,,,,,,Location déco mariage,,,décoration mariage rive-nord,Exact,Enabled,,,,,,,,,,,,,,,,,,,,,,,,,,,,,,,,,,,,,,,,,,
SRCH | Mariage & privé haut de gamme | FR,,,,,,,,,,,,,,,Location déco mariage,,,location déco mariage montréal,Phrase,Enabled,,,,,,,,,,,,,,,,,,,,,,,,,,,,,,,,,,,,,,,,,,
SRCH | Mariage & privé haut de gamme | FR,,,,,,,,,,,,,,,Location déco mariage,,,location déco mariage montréal,Exact,Enabled,,,,,,,,,,,,,,,,,,,,,,,,,,,,,,,,,,,,,,,,,,
SRCH | Mariage & privé haut de gamme | FR,,,,,,,,,,,,,,,Arche / lettres lumineuses,,,location arche mariage,Phrase,Enabled,,,,,,,,,,,,,,,,,,,,,,,,,,,,,,,,,,,,,,,,,,
SRCH | Mariage & privé haut de gamme | FR,,,,,,,,,,,,,,,Arche / lettres lumineuses,,,location arche mariage,Exact,Enabled,,,,,,,,,,,,,,,,,,,,,,,,,,,,,,,,,,,,,,,,,,
SRCH | Mariage & privé haut de gamme | FR,,,,,,,,,,,,,,,Arche / lettres lumineuses,,,arche de mariage,Phrase,Enabled,,,,,,,,,,,,,,,,,,,,,,,,,,,,,,,,,,,,,,,,,,
SRCH | Mariage & privé haut de gamme | FR,,,,,,,,,,,,,,,Arche / lettres lumineuses,,,arche de mariage,Exact,Enabled,,,,,,,,,,,,,,,,,,,,,,,,,,,,,,,,,,,,,,,,,,
SRCH | Mariage & privé haut de gamme | FR,,,,,,,,,,,,,,,Arche / lettres lumineuses,,,location lettres lumineuses,Phrase,Enabled,,,,,,,,,,,,,,,,,,,,,,,,,,,,,,,,,,,,,,,,,,
SRCH | Mariage & privé haut de gamme | FR,,,,,,,,,,,,,,,Arche / lettres lumineuses,,,location lettres lumineuses,Exact,Enabled,,,,,,,,,,,,,,,,,,,,,,,,,,,,,,,,,,,,,,,,,,
SRCH | Mariage & privé haut de gamme | FR,,,,,,,,,,,,,,,Arche / lettres lumineuses,,,lettres lumineuses géantes,Phrase,Enabled,,,,,,,,,,,,,,,,,,,,,,,,,,,,,,,,,,,,,,,,,,
SRCH | Mariage & privé haut de gamme | FR,,,,,,,,,,,,,,,Arche / lettres lumineuses,,,lettres lumineuses géantes,Exact,Enabled,,,,,,,,,,,,,,,,,,,,,,,,,,,,,,,,,,,,,,,,,,
SRCH | Mariage & privé haut de gamme | FR,,,,,,,,,,,,,,,Arche / lettres lumineuses,,,location lettres géantes,Phrase,Enabled,,,,,,,,,,,,,,,,,,,,,,,,,,,,,,,,,,,,,,,,,,
SRCH | Mariage & privé haut de gamme | FR,,,,,,,,,,,,,,,Arche / lettres lumineuses,,,location lettres géantes,Exact,Enabled,,,,,,,,,,,,,,,,,,,,,,,,,,,,,,,,,,,,,,,,,,
SRCH | Mariage & privé haut de gamme | FR,,,,,,,,,,,,,,,Arche / lettres lumineuses,,,arche florale location,Phrase,Enabled,,,,,,,,,,,,,,,,,,,,,,,,,,,,,,,,,,,,,,,,,,
SRCH | Mariage & privé haut de gamme | FR,,,,,,,,,,,,,,,Arche / lettres lumineuses,,,arche florale location,Exact,Enabled,,,,,,,,,,,,,,,,,,,,,,,,,,,,,,,,,,,,,,,,,,
SRCH | Mariage & privé haut de gamme | FR,,,,,,,,,,,,,,,Arche / lettres lumineuses,,,lettres lumineuses mariage,Phrase,Enabled,,,,,,,,,,,,,,,,,,,,,,,,,,,,,,,,,,,,,,,,,,
SRCH | Mariage & privé haut de gamme | FR,,,,,,,,,,,,,,,Arche / lettres lumineuses,,,lettres lumineuses mariage,Exact,Enabled,,,,,,,,,,,,,,,,,,,,,,,,,,,,,,,,,,,,,,,,,,
SRCH | Mariage & privé haut de gamme | FR,,,,,,,,,,,,,,,Arche / lettres lumineuses,,,lettres lumineuses laval,Phrase,Enabled,,,,,,,,,,,,,,,,,,,,,,,,,,,,,,,,,,,,,,,,,,
SRCH | Mariage & privé haut de gamme | FR,,,,,,,,,,,,,,,Arche / lettres lumineuses,,,lettres lumineuses laval,Exact,Enabled,,,,,,,,,,,,,,,,,,,,,,,,,,,,,,,,,,,,,,,,,,
SRCH | Mariage & privé haut de gamme | FR,,,,,,,,,,,,,,,Arche / lettres lumineuses,,,love lumineux location,Phrase,Enabled,,,,,,,,,,,,,,,,,,,,,,,,,,,,,,,,,,,,,,,,,,
SRCH | Mariage & privé haut de gamme | FR,,,,,,,,,,,,,,,Arche / lettres lumineuses,,,love lumineux location,Exact,Enabled,,,,,,,,,,,,,,,,,,,,,,,,,,,,,,,,,,,,,,,,,,
SRCH | Mariage & privé haut de gamme | FR,,,,,,,,,,,,,,,Chapiteau mariage,,,location chapiteau mariage,Phrase,Enabled,,,,,,,,,,,,,,,,,,,,,,,,,,,,,,,,,,,,,,,,,,
SRCH | Mariage & privé haut de gamme | FR,,,,,,,,,,,,,,,Chapiteau mariage,,,location chapiteau mariage,Exact,Enabled,,,,,,,,,,,,,,,,,,,,,,,,,,,,,,,,,,,,,,,,,,
SRCH | Mariage & privé haut de gamme | FR,,,,,,,,,,,,,,,Chapiteau mariage,,,chapiteau mariage,Phrase,Enabled,,,,,,,,,,,,,,,,,,,,,,,,,,,,,,,,,,,,,,,,,,
SRCH | Mariage & privé haut de gamme | FR,,,,,,,,,,,,,,,Chapiteau mariage,,,chapiteau mariage,Exact,Enabled,,,,,,,,,,,,,,,,,,,,,,,,,,,,,,,,,,,,,,,,,,
SRCH | Mariage & privé haut de gamme | FR,,,,,,,,,,,,,,,Chapiteau mariage,,,location chapiteau,Phrase,Enabled,,,,,,,,,,,,,,,,,,,,,,,,,,,,,,,,,,,,,,,,,,
SRCH | Mariage & privé haut de gamme | FR,,,,,,,,,,,,,,,Chapiteau mariage,,,location chapiteau,Exact,Enabled,,,,,,,,,,,,,,,,,,,,,,,,,,,,,,,,,,,,,,,,,,
SRCH | Mariage & privé haut de gamme | FR,,,,,,,,,,,,,,,Chapiteau mariage,,,location chapiteau laval,Phrase,Enabled,,,,,,,,,,,,,,,,,,,,,,,,,,,,,,,,,,,,,,,,,,
SRCH | Mariage & privé haut de gamme | FR,,,,,,,,,,,,,,,Chapiteau mariage,,,location chapiteau laval,Exact,Enabled,,,,,,,,,,,,,,,,,,,,,,,,,,,,,,,,,,,,,,,,,,
SRCH | Mariage & privé haut de gamme | FR,,,,,,,,,,,,,,,Chapiteau mariage,,,location tente mariage,Phrase,Enabled,,,,,,,,,,,,,,,,,,,,,,,,,,,,,,,,,,,,,,,,,,
SRCH | Mariage & privé haut de gamme | FR,,,,,,,,,,,,,,,Chapiteau mariage,,,location tente mariage,Exact,Enabled,,,,,,,,,,,,,,,,,,,,,,,,,,,,,,,,,,,,,,,,,,
SRCH | Mariage & privé haut de gamme | FR,,,,,,,,,,,,,,,Chapiteau mariage,,,chapiteau 20x40,Phrase,Enabled,,,,,,,,,,,,,,,,,,,,,,,,,,,,,,,,,,,,,,,,,,
SRCH | Mariage & privé haut de gamme | FR,,,,,,,,,,,,,,,Chapiteau mariage,,,chapiteau 20x40,Exact,Enabled,,,,,,,,,,,,,,,,,,,,,,,,,,,,,,,,,,,,,,,,,,
SRCH | Mariage & privé haut de gamme | FR,,,,,,,,,,,,,,,Chapiteau mariage,,,location chapiteau rive-nord,Phrase,Enabled,,,,,,,,,,,,,,,,,,,,,,,,,,,,,,,,,,,,,,,,,,
SRCH | Mariage & privé haut de gamme | FR,,,,,,,,,,,,,,,Chapiteau mariage,,,location chapiteau rive-nord,Exact,Enabled,,,,,,,,,,,,,,,,,,,,,,,,,,,,,,,,,,,,,,,,,,
SRCH | Mariage & privé haut de gamme | FR,,,,,,,,,,,,,,,Chapiteau mariage,,,location chapiteau montréal,Phrase,Enabled,,,,,,,,,,,,,,,,,,,,,,,,,,,,,,,,,,,,,,,,,,
SRCH | Mariage & privé haut de gamme | FR,,,,,,,,,,,,,,,Chapiteau mariage,,,location chapiteau montréal,Exact,Enabled,,,,,,,,,,,,,,,,,,,,,,,,,,,,,,,,,,,,,,,,,,
SRCH | Mariage & privé haut de gamme | FR,,,,,,,,,,,,,,,Chapiteau mariage,,,mariage extérieur chapiteau,Phrase,Enabled,,,,,,,,,,,,,,,,,,,,,,,,,,,,,,,,,,,,,,,,,,
SRCH | Mariage & privé haut de gamme | FR,,,,,,,,,,,,,,,Chapiteau mariage,,,mariage extérieur chapiteau,Exact,Enabled,,,,,,,,,,,,,,,,,,,,,,,,,,,,,,,,,,,,,,,,,,
SRCH | Mariage & privé haut de gamme | FR,,,,,,,,,,,,,,,Mobilier mariage,,,location mobilier mariage,Phrase,Enabled,,,,,,,,,,,,,,,,,,,,,,,,,,,,,,,,,,,,,,,,,,
SRCH | Mariage & privé haut de gamme | FR,,,,,,,,,,,,,,,Mobilier mariage,,,location mobilier mariage,Exact,Enabled,,,,,,,,,,,,,,,,,,,,,,,,,,,,,,,,,,,,,,,,,,
SRCH | Mariage & privé haut de gamme | FR,,,,,,,,,,,,,,,Mobilier mariage,,,location chaises mariage,Phrase,Enabled,,,,,,,,,,,,,,,,,,,,,,,,,,,,,,,,,,,,,,,,,,
SRCH | Mariage & privé haut de gamme | FR,,,,,,,,,,,,,,,Mobilier mariage,,,location chaises mariage,Exact,Enabled,,,,,,,,,,,,,,,,,,,,,,,,,,,,,,,,,,,,,,,,,,
SRCH | Mariage & privé haut de gamme | FR,,,,,,,,,,,,,,,Mobilier mariage,,,location tables mariage,Phrase,Enabled,,,,,,,,,,,,,,,,,,,,,,,,,,,,,,,,,,,,,,,,,,
SRCH | Mariage & privé haut de gamme | FR,,,,,,,,,,,,,,,Mobilier mariage,,,location tables mariage,Exact,Enabled,,,,,,,,,,,,,,,,,,,,,,,,,,,,,,,,,,,,,,,,,,
SRCH | Mariage & privé haut de gamme | FR,,,,,,,,,,,,,,,Mobilier mariage,,,chaises chiavari location,Phrase,Enabled,,,,,,,,,,,,,,,,,,,,,,,,,,,,,,,,,,,,,,,,,,
SRCH | Mariage & privé haut de gamme | FR,,,,,,,,,,,,,,,Mobilier mariage,,,chaises chiavari location,Exact,Enabled,,,,,,,,,,,,,,,,,,,,,,,,,,,,,,,,,,,,,,,,,,
SRCH | Mariage & privé haut de gamme | FR,,,,,,,,,,,,,,,Mobilier mariage,,,location chaise mariage laval,Phrase,Enabled,,,,,,,,,,,,,,,,,,,,,,,,,,,,,,,,,,,,,,,,,,
SRCH | Mariage & privé haut de gamme | FR,,,,,,,,,,,,,,,Mobilier mariage,,,location chaise mariage laval,Exact,Enabled,,,,,,,,,,,,,,,,,,,,,,,,,,,,,,,,,,,,,,,,,,
SRCH | Mariage & privé haut de gamme | FR,,,,,,,,,,,,,,,Mobilier mariage,,,location mobilier réception,Phrase,Enabled,,,,,,,,,,,,,,,,,,,,,,,,,,,,,,,,,,,,,,,,,,
SRCH | Mariage & privé haut de gamme | FR,,,,,,,,,,,,,,,Mobilier mariage,,,location mobilier réception,Exact,Enabled,,,,,,,,,,,,,,,,,,,,,,,,,,,,,,,,,,,,,,,,,,
SRCH | Mariage & privé haut de gamme | FR,,,,,,,,,,,,,,,Mobilier mariage,,,location mobilier lounge,Phrase,Enabled,,,,,,,,,,,,,,,,,,,,,,,,,,,,,,,,,,,,,,,,,,
SRCH | Mariage & privé haut de gamme | FR,,,,,,,,,,,,,,,Mobilier mariage,,,location mobilier lounge,Exact,Enabled,,,,,,,,,,,,,,,,,,,,,,,,,,,,,,,,,,,,,,,,,,
SRCH | Mariage & privé haut de gamme | FR,,,,,,,,,,,,,,,Mobilier mariage,,,location table et chaise mariage,Phrase,Enabled,,,,,,,,,,,,,,,,,,,,,,,,,,,,,,,,,,,,,,,,,,
SRCH | Mariage & privé haut de gamme | FR,,,,,,,,,,,,,,,Mobilier mariage,,,location table et chaise mariage,Exact,Enabled,,,,,,,,,,,,,,,,,,,,,,,,,,,,,,,,,,,,,,,,,,
SRCH | Mariage & privé haut de gamme | FR,,,,,,,,,,,,,,,Photobooth mariage,,,photobooth mariage,Phrase,Enabled,,,,,,,,,,,,,,,,,,,,,,,,,,,,,,,,,,,,,,,,,,
SRCH | Mariage & privé haut de gamme | FR,,,,,,,,,,,,,,,Photobooth mariage,,,photobooth mariage,Exact,Enabled,,,,,,,,,,,,,,,,,,,,,,,,,,,,,,,,,,,,,,,,,,
SRCH | Mariage & privé haut de gamme | FR,,,,,,,,,,,,,,,Photobooth mariage,,,location photobooth mariage,Phrase,Enabled,,,,,,,,,,,,,,,,,,,,,,,,,,,,,,,,,,,,,,,,,,
SRCH | Mariage & privé haut de gamme | FR,,,,,,,,,,,,,,,Photobooth mariage,,,location photobooth mariage,Exact,Enabled,,,,,,,,,,,,,,,,,,,,,,,,,,,,,,,,,,,,,,,,,,
SRCH | Mariage & privé haut de gamme | FR,,,,,,,,,,,,,,,Photobooth mariage,,,cabine photo mariage,Phrase,Enabled,,,,,,,,,,,,,,,,,,,,,,,,,,,,,,,,,,,,,,,,,,
SRCH | Mariage & privé haut de gamme | FR,,,,,,,,,,,,,,,Photobooth mariage,,,cabine photo mariage,Exact,Enabled,,,,,,,,,,,,,,,,,,,,,,,,,,,,,,,,,,,,,,,,,,
SRCH | Mariage & privé haut de gamme | FR,,,,,,,,,,,,,,,Photobooth mariage,,,photobooth 360 mariage,Phrase,Enabled,,,,,,,,,,,,,,,,,,,,,,,,,,,,,,,,,,,,,,,,,,
SRCH | Mariage & privé haut de gamme | FR,,,,,,,,,,,,,,,Photobooth mariage,,,photobooth 360 mariage,Exact,Enabled,,,,,,,,,,,,,,,,,,,,,,,,,,,,,,,,,,,,,,,,,,
SRCH | Mariage & privé haut de gamme | FR,,,,,,,,,,,,,,,Photobooth mariage,,,location cabine photo mariage,Phrase,Enabled,,,,,,,,,,,,,,,,,,,,,,,,,,,,,,,,,,,,,,,,,,
SRCH | Mariage & privé haut de gamme | FR,,,,,,,,,,,,,,,Photobooth mariage,,,location cabine photo mariage,Exact,Enabled,,,,,,,,,,,,,,,,,,,,,,,,,,,,,,,,,,,,,,,,,,
SRCH | Mariage & privé haut de gamme | FR,,,,,,,,,,,,,,,Photobooth mariage,,,photobooth mariage laval,Phrase,Enabled,,,,,,,,,,,,,,,,,,,,,,,,,,,,,,,,,,,,,,,,,,
SRCH | Mariage & privé haut de gamme | FR,,,,,,,,,,,,,,,Photobooth mariage,,,photobooth mariage laval,Exact,Enabled,,,,,,,,,,,,,,,,,,,,,,,,,,,,,,,,,,,,,,,,,,
SRCH | Mariage & privé haut de gamme | FR,,,,,,,,,,,,,,,Photobooth mariage,,,photobooth mariage montréal,Phrase,Enabled,,,,,,,,,,,,,,,,,,,,,,,,,,,,,,,,,,,,,,,,,,
SRCH | Mariage & privé haut de gamme | FR,,,,,,,,,,,,,,,Photobooth mariage,,,photobooth mariage montréal,Exact,Enabled,,,,,,,,,,,,,,,,,,,,,,,,,,,,,,,,,,,,,,,,,,
SRCH | Mariage & privé haut de gamme | FR,,,,,,,,,,,,,,,Photobooth mariage,,,borne photo mariage,Phrase,Enabled,,,,,,,,,,,,,,,,,,,,,,,,,,,,,,,,,,,,,,,,,,
SRCH | Mariage & privé haut de gamme | FR,,,,,,,,,,,,,,,Photobooth mariage,,,borne photo mariage,Exact,Enabled,,,,,,,,,,,,,,,,,,,,,,,,,,,,,,,,,,,,,,,,,,
SRCH | Mariage & privé haut de gamme | FR,,,,,,,,,,,,,,,Événement privé clé en main,,,anniversaire 50 ans,Phrase,Enabled,,,,,,,,,,,,,,,,,,,,,,,,,,,,,,,,,,,,,,,,,,
SRCH | Mariage & privé haut de gamme | FR,,,,,,,,,,,,,,,Événement privé clé en main,,,anniversaire 50 ans,Exact,Enabled,,,,,,,,,,,,,,,,,,,,,,,,,,,,,,,,,,,,,,,,,,
SRCH | Mariage & privé haut de gamme | FR,,,,,,,,,,,,,,,Événement privé clé en main,,,fête 40 ans adulte,Phrase,Enabled,,,,,,,,,,,,,,,,,,,,,,,,,,,,,,,,,,,,,,,,,,
SRCH | Mariage & privé haut de gamme | FR,,,,,,,,,,,,,,,Événement privé clé en main,,,fête 40 ans adulte,Exact,Enabled,,,,,,,,,,,,,,,,,,,,,,,,,,,,,,,,,,,,,,,,,,
SRCH | Mariage & privé haut de gamme | FR,,,,,,,,,,,,,,,Événement privé clé en main,,,organisation anniversaire 50 ans,Phrase,Enabled,,,,,,,,,,,,,,,,,,,,,,,,,,,,,,,,,,,,,,,,,,
SRCH | Mariage & privé haut de gamme | FR,,,,,,,,,,,,,,,Événement privé clé en main,,,organisation anniversaire 50 ans,Exact,Enabled,,,,,,,,,,,,,,,,,,,,,,,,,,,,,,,,,,,,,,,,,,
SRCH | Mariage & privé haut de gamme | FR,,,,,,,,,,,,,,,Événement privé clé en main,,,location déco anniversaire adulte,Phrase,Enabled,,,,,,,,,,,,,,,,,,,,,,,,,,,,,,,,,,,,,,,,,,
SRCH | Mariage & privé haut de gamme | FR,,,,,,,,,,,,,,,Événement privé clé en main,,,location déco anniversaire adulte,Exact,Enabled,,,,,,,,,,,,,,,,,,,,,,,,,,,,,,,,,,,,,,,,,,
SRCH | Mariage & privé haut de gamme | FR,,,,,,,,,,,,,,,Événement privé clé en main,,,événement privé clé en main,Phrase,Enabled,,,,,,,,,,,,,,,,,,,,,,,,,,,,,,,,,,,,,,,,,,
SRCH | Mariage & privé haut de gamme | FR,,,,,,,,,,,,,,,Événement privé clé en main,,,événement privé clé en main,Exact,Enabled,,,,,,,,,,,,,,,,,,,,,,,,,,,,,,,,,,,,,,,,,,
SRCH | Mariage & privé haut de gamme | FR,,,,,,,,,,,,,,,Événement privé clé en main,,,fête privée location équipement,Phrase,Enabled,,,,,,,,,,,,,,,,,,,,,,,,,,,,,,,,,,,,,,,,,,
SRCH | Mariage & privé haut de gamme | FR,,,,,,,,,,,,,,,Événement privé clé en main,,,fête privée location équipement,Exact,Enabled,,,,,,,,,,,,,,,,,,,,,,,,,,,,,,,,,,,,,,,,,,
SRCH | Mariage & privé haut de gamme | FR,,,,,,,,,,,,,,,Événement privé clé en main,,,anniversaire 60 ans organisation,Phrase,Enabled,,,,,,,,,,,,,,,,,,,,,,,,,,,,,,,,,,,,,,,,,,
SRCH | Mariage & privé haut de gamme | FR,,,,,,,,,,,,,,,Événement privé clé en main,,,anniversaire 60 ans organisation,Exact,Enabled,,,,,,,,,,,,,,,,,,,,,,,,,,,,,,,,,,,,,,,,,,
SRCH | Mariage & privé haut de gamme | FR,,,,,,,,,,,,,,,Événement privé clé en main,,,soirée privée location,Phrase,Enabled,,,,,,,,,,,,,,,,,,,,,,,,,,,,,,,,,,,,,,,,,,
SRCH | Mariage & privé haut de gamme | FR,,,,,,,,,,,,,,,Événement privé clé en main,,,soirée privée location,Exact,Enabled,,,,,,,,,,,,,,,,,,,,,,,,,,,,,,,,,,,,,,,,,,
SRCH | Mariage & privé haut de gamme | FR,,,,,,,,,,,,,,,Événement privé clé en main,,,fête 40 ans déco,Phrase,Enabled,,,,,,,,,,,,,,,,,,,,,,,,,,,,,,,,,,,,,,,,,,
SRCH | Mariage & privé haut de gamme | FR,,,,,,,,,,,,,,,Événement privé clé en main,,,fête 40 ans déco,Exact,Enabled,,,,,,,,,,,,,,,,,,,,,,,,,,,,,,,,,,,,,,,,,,
SRCH | Marque | FR,,,,,,,,,,,,,,,Evenox – Marque,,,evenox,Phrase,Enabled,,,,,,,,,,,,,,,,,,,,,,,,,,,,,,,,,,,,,,,,,,
SRCH | Marque | FR,,,,,,,,,,,,,,,Evenox – Marque,,,evenox,Exact,Enabled,,,,,,,,,,,,,,,,,,,,,,,,,,,,,,,,,,,,,,,,,,
SRCH | Marque | FR,,,,,,,,,,,,,,,Evenox – Marque,,,évenox,Phrase,Enabled,,,,,,,,,,,,,,,,,,,,,,,,,,,,,,,,,,,,,,,,,,
SRCH | Marque | FR,,,,,,,,,,,,,,,Evenox – Marque,,,évenox,Exact,Enabled,,,,,,,,,,,,,,,,,,,,,,,,,,,,,,,,,,,,,,,,,,
SRCH | Marque | FR,,,,,,,,,,,,,,,Evenox – Marque,,,evenox location,Phrase,Enabled,,,,,,,,,,,,,,,,,,,,,,,,,,,,,,,,,,,,,,,,,,
SRCH | Marque | FR,,,,,,,,,,,,,,,Evenox – Marque,,,evenox location,Exact,Enabled,,,,,,,,,,,,,,,,,,,,,,,,,,,,,,,,,,,,,,,,,,
SRCH | Marque | FR,,,,,,,,,,,,,,,Evenox – Marque,,,evenox.ca,Phrase,Enabled,,,,,,,,,,,,,,,,,,,,,,,,,,,,,,,,,,,,,,,,,,
SRCH | Marque | FR,,,,,,,,,,,,,,,Evenox – Marque,,,evenox.ca,Exact,Enabled,,,,,,,,,,,,,,,,,,,,,,,,,,,,,,,,,,,,,,,,,,
SRCH | Marque | FR,,,,,,,,,,,,,,,Evenox – Marque,,,location evenox,Phrase,Enabled,,,,,,,,,,,,,,,,,,,,,,,,,,,,,,,,,,,,,,,,,,
SRCH | Marque | FR,,,,,,,,,,,,,,,Evenox – Marque,,,location evenox,Exact,Enabled,,,,,,,,,,,,,,,,,,,,,,,,,,,,,,,,,,,,,,,,,,
SRCH | Marque | FR,,,,,,,,,,,,,,,Evenox – Marque,,,evenox sainte-thérèse,Phrase,Enabled,,,,,,,,,,,,,,,,,,,,,,,,,,,,,,,,,,,,,,,,,,
SRCH | Marque | FR,,,,,,,,,,,,,,,Evenox – Marque,,,evenox sainte-thérèse,Exact,Enabled,,,,,,,,,,,,,,,,,,,,,,,,,,,,,,,,,,,,,,,,,,
SRCH | Marque | FR,,,,,,,,,,,,,,,Evenox – Marque,,,evenox avis,Phrase,Enabled,,,,,,,,,,,,,,,,,,,,,,,,,,,,,,,,,,,,,,,,,,
SRCH | Marque | FR,,,,,,,,,,,,,,,Evenox – Marque,,,evenox avis,Exact,Enabled,,,,,,,,,,,,,,,,,,,,,,,,,,,,,,,,,,,,,,,,,,
SRCH | Corporatif | FR,,,,,,,,,,,,,,,Party des Fêtes / fête de bureau,,,,,Enabled,Responsive search ad,Party des Fêtes clé en main,1,Votre party de bureau réglé,,Fête de bureau sans stress,,Réservez votre party des Fêtes,,"Déco, jeux et cabine photo",,Forfaits corpo dès 1 195 $,,"Livré, monté et démonté",,Soumission en moins de 24 h,,Plus de 1 000 événements,,"Note 4,8/5 – [N] avis Google",,"Clients : RBC, PwC, Desjardins",,Facturation net 30 jours,,Dates de décembre limitées,,"Laval, Montréal et Rive-Nord",,"Clé en main, de A à Z",,"Party des Fêtes livré, monté et démonté. Réservez tôt : décembre se remplit vite.",,"Mobilier, déco, cabine photo et jeux géants livrés, installés et démontés par nos soins.",,"Forfaits corporatifs à 1 195 $, 1 995 $ et 2 495 $. Facturation net 30 pour entreprises.",,"Plus de 1 000 événements réalisés à Montréal, Laval et Rive-Nord. Soumission en 24 h.",,Corporatif,Party-des-Fêtes,https://evenox.ca/corporatif/party-des-fetes
SRCH | Corporatif | FR,,,,,,,,,,,,,,,5 à 7 corporatif,,,,,Enabled,Responsive search ad,5 à 7 corporatif clé en main,1,Forfait 5 à 7 à 1 195 $,,Jeux géants en mini tournoi,,Un 5 à 7 prêt en 1 appel,,Ambiance festive livrée,,Forfaits corpo dès 1 195 $,,"Livré, monté et démonté",,Soumission en moins de 24 h,,Plus de 1 000 événements,,"Note 4,8/5 – [N] avis Google",,"Clients : RBC, PwC, Desjardins",,Facturation net 30 jours,,Dates de décembre limitées,,"Laval, Montréal et Rive-Nord",,"Clé en main, de A à Z",,"Forfait 5 à 7 d'équipe à 1 195 $ : jeux géants et lettres lumineuses, installés par nous.",,"Mobilier, déco, cabine photo et jeux géants livrés, installés et démontés par nos soins.",,"Forfaits corporatifs à 1 195 $, 1 995 $ et 2 495 $. Facturation net 30 pour entreprises.",,"Plus de 1 000 événements réalisés à Montréal, Laval et Rive-Nord. Soumission en 24 h.",,Corporatif,5-à-7,https://evenox.ca/corporatif/5-a-7
SRCH | Corporatif | FR,,,,,,,,,,,,,,,Gala & soirée d'entreprise,,,,,Enabled,Responsive search ad,Gala d'entreprise clé en main,1,Forfait Gala dès 2 495 $,,Gala de 75 à 150 invités,,Décor de gala haut de gamme,,Cabine photo avec préposé,,Forfaits corpo dès 1 195 $,,"Livré, monté et démonté",,Soumission en moins de 24 h,,Plus de 1 000 événements,,"Note 4,8/5 – [N] avis Google",,"Clients : RBC, PwC, Desjardins",,Facturation net 30 jours,,Dates de décembre limitées,,"Laval, Montréal et Rive-Nord",,"Clé en main, de A à Z",,"Forfait Gala Signature : décor, mobilier et cabine photo avec préposé, 75 à 150 invités.",,"Mobilier, déco, cabine photo et jeux géants livrés, installés et démontés par nos soins.",,"Forfaits corporatifs à 1 195 $, 1 995 $ et 2 495 $. Facturation net 30 pour entreprises.",,"Plus de 1 000 événements réalisés à Montréal, Laval et Rive-Nord. Soumission en 24 h.",,Corporatif,Gala,https://evenox.ca/corporatif/gala
SRCH | Corporatif | FR,,,,,,,,,,,,,,,Team building / jeux géants corporatif,,,,,Enabled,Responsive search ad,Jeux géants pour entreprises,1,Consolidation d'équipe animée,,Activité d'équipe clé en main,,Activité d'équipe livrée,,Jeux montés sur votre site,,Forfaits corpo dès 1 195 $,,"Livré, monté et démonté",,Soumission en moins de 24 h,,Plus de 1 000 événements,,"Note 4,8/5 – [N] avis Google",,"Clients : RBC, PwC, Desjardins",,Facturation net 30 jours,,Dates de décembre limitées,,"Laval, Montréal et Rive-Nord",,"Clé en main, de A à Z",,"Jeux géants et activités d'équipe livrés et montés au bureau, au parc ou en salle.",,"Mobilier, déco, cabine photo et jeux géants livrés, installés et démontés par nos soins.",,"Forfaits corporatifs à 1 195 $, 1 995 $ et 2 495 $. Facturation net 30 pour entreprises.",,"Plus de 1 000 événements réalisés à Montréal, Laval et Rive-Nord. Soumission en 24 h.",,Corporatif,Consolidation,https://evenox.ca/corporatif/team-building
SRCH | Corporatif | FR,,,,,,,,,,,,,,,Photobooth 360 corporatif,,,,,Enabled,Responsive search ad,Cabine photo 360 à louer,1,Cabine photo avec préposé,,Vidéos 360 à votre image,,Habillage à vos couleurs,,Partage instantané des vidéos,,Forfaits corpo dès 1 195 $,,"Livré, monté et démonté",,Soumission en moins de 24 h,,Plus de 1 000 événements,,"Note 4,8/5 – [N] avis Google",,"Clients : RBC, PwC, Desjardins",,Facturation net 30 jours,,Dates de décembre limitées,,"Laval, Montréal et Rive-Nord",,"Clé en main, de A à Z",,"Cabine photo 360 avec préposé, habillage à vos couleurs et partage instantané.",,"Mobilier, déco, cabine photo et jeux géants livrés, installés et démontés par nos soins.",,"Forfaits corporatifs à 1 195 $, 1 995 $ et 2 495 $. Facturation net 30 pour entreprises.",,"Plus de 1 000 événements réalisés à Montréal, Laval et Rive-Nord. Soumission en 24 h.",,Corporatif,Cabine-360,https://evenox.ca/corporatif/photobooth-360
SRCH | Corporatif | FR,,,,,,,,,,,,,,,Lancement / activation de marque,,,,,Enabled,Responsive search ad,Activation de marque livrée,1,Lancement de produit réussi,,Décor à vos couleurs,,Kiosque et mobilier fournis,,Cabine 360 à votre image,,Forfaits corpo dès 1 195 $,,"Livré, monté et démonté",,Soumission en moins de 24 h,,Plus de 1 000 événements,,"Note 4,8/5 – [N] avis Google",,"Clients : RBC, PwC, Desjardins",,Facturation net 30 jours,,Dates de décembre limitées,,"Laval, Montréal et Rive-Nord",,"Clé en main, de A à Z",,"Lancement ou activation : décor de marque, mobilier, son et cabine 360 à votre image.",,"Mobilier, déco, cabine photo et jeux géants livrés, installés et démontés par nos soins.",,"Forfaits corporatifs à 1 195 $, 1 995 $ et 2 495 $. Facturation net 30 pour entreprises.",,"Plus de 1 000 événements réalisés à Montréal, Laval et Rive-Nord. Soumission en 24 h.",,Corporatif,Activation,https://evenox.ca/corporatif/activation-de-marque
SRCH | Corporatif | FR,,,,,,,,,,,,,,,Fournisseur événementiel clé en main,,,,,Enabled,Responsive search ad,Fournisseur événementiel,1,Un fournisseur pour tout,,"Mobilier, déco, son et jeux",,Événements corporatifs,,Équipe de montage dédiée,,Forfaits corpo dès 1 195 $,,"Livré, monté et démonté",,Soumission en moins de 24 h,,Plus de 1 000 événements,,"Note 4,8/5 – [N] avis Google",,"Clients : RBC, PwC, Desjardins",,Facturation net 30 jours,,Dates de décembre limitées,,"Laval, Montréal et Rive-Nord",,"Clé en main, de A à Z",,"Un seul fournisseur pour le mobilier, la déco, le son, les chapiteaux et les jeux.",,"Mobilier, déco, cabine photo et jeux géants livrés, installés et démontés par nos soins.",,"Forfaits corporatifs à 1 195 $, 1 995 $ et 2 495 $. Facturation net 30 pour entreprises.",,"Plus de 1 000 événements réalisés à Montréal, Laval et Rive-Nord. Soumission en 24 h.",,Corporatif,Clé-en-main,https://evenox.ca/corporatif
SRCH | Mariage & privé haut de gamme | FR,,,,,,,,,,,,,,,Location déco mariage,,,,,Enabled,Responsive search ad,Déco mariage clé en main,1,Décor de mariage haut de gamme,,Votre salle transformée,,Montage le jour même,,Centres de table et éclairage,,Forfaits mariage dès 899 $,,Mariage Signature à 1 899 $,,"Livré, monté et démonté",,Soumission en moins de 24 h,,Plus de 1 000 événements,,"Note 4,8/5 – [N] avis Google",,Entrepôt à Sainte-Thérèse,,Été 2027 : dates limitées,,"Laval, Montréal et Rive-Nord",,Installation et démontage,,"Arches, centres de table, éclairage et mobilier installés avant l'arrivée des invités.",,"Livraison, installation et démontage par notre équipe. Vous profitez du moment.",,"Forfaits déco mariage à 899 $, 1 449 $ et 1 899 $ (Signature), ou sur mesure.",,"Plus de 1 000 événements et une note de 4,8/5 sur Google. Soumission en moins de 24 h.",,Mariage,Décoration,https://evenox.ca/mariage/decoration
SRCH | Mariage & privé haut de gamme | FR,,,,,,,,,,,,,,,Arche / lettres lumineuses,,,,,Enabled,Responsive search ad,Arches de mariage à louer,1,Lettres lumineuses géantes,,Arche florale installée,,Vos initiales en lumière,,Décor photo spectaculaire,,Forfaits mariage dès 899 $,,Mariage Signature à 1 899 $,,"Livré, monté et démonté",,Soumission en moins de 24 h,,Plus de 1 000 événements,,"Note 4,8/5 – [N] avis Google",,Entrepôt à Sainte-Thérèse,,Été 2027 : dates limitées,,"Laval, Montréal et Rive-Nord",,Installation et démontage,,"Arche florale et lettres lumineuses géantes livrées, installées et reprises par nous.",,"Livraison, installation et démontage par notre équipe. Vous profitez du moment.",,"Forfaits déco mariage à 899 $, 1 449 $ et 1 899 $ (Signature), ou sur mesure.",,"Plus de 1 000 événements et une note de 4,8/5 sur Google. Soumission en moins de 24 h.",,Mariage,Arche-Lettres,https://evenox.ca/mariage/arche-lettres-lumineuses
SRCH | Mariage & privé haut de gamme | FR,,,,,,,,,,,,,,,Chapiteau mariage,,,,,Enabled,Responsive search ad,Chapiteaux de mariage à louer,1,Chapiteau monté et démonté,,Mariage extérieur serein,,Chapiteau et éclairage fournis,,Montage par nos équipes,,Forfaits mariage dès 899 $,,Mariage Signature à 1 899 $,,"Livré, monté et démonté",,Soumission en moins de 24 h,,Plus de 1 000 événements,,"Note 4,8/5 – [N] avis Google",,Entrepôt à Sainte-Thérèse,,Été 2027 : dates limitées,,"Laval, Montréal et Rive-Nord",,Installation et démontage,,"Chapiteau, éclairage et mobilier montés par notre équipe pour votre mariage extérieur.",,"Livraison, installation et démontage par notre équipe. Vous profitez du moment.",,"Forfaits déco mariage à 899 $, 1 449 $ et 1 899 $ (Signature), ou sur mesure.",,"Plus de 1 000 événements et une note de 4,8/5 sur Google. Soumission en moins de 24 h.",,Mariage,Chapiteau,https://evenox.ca/mariage/chapiteau
SRCH | Mariage & privé haut de gamme | FR,,,,,,,,,,,,,,,Mobilier mariage,,,,,Enabled,Responsive search ad,Mobilier de mariage à louer,1,Chaises Chiavari et salons,,Tables et nappes assorties,,Mobilier livré et placé,,Coin salon pour vos invités,,Forfaits mariage dès 899 $,,Mariage Signature à 1 899 $,,"Livré, monté et démonté",,Soumission en moins de 24 h,,Plus de 1 000 événements,,"Note 4,8/5 – [N] avis Google",,Entrepôt à Sainte-Thérèse,,Été 2027 : dates limitées,,"Laval, Montréal et Rive-Nord",,Installation et démontage,,"Chaises Chiavari, tables et coins salon livrés, placés selon votre plan et repris.",,"Livraison, installation et démontage par notre équipe. Vous profitez du moment.",,"Forfaits déco mariage à 899 $, 1 449 $ et 1 899 $ (Signature), ou sur mesure.",,"Plus de 1 000 événements et une note de 4,8/5 sur Google. Soumission en moins de 24 h.",,Mariage,Mobilier,https://evenox.ca/mariage/mobilier
SRCH | Mariage & privé haut de gamme | FR,,,,,,,,,,,,,,,Photobooth mariage,,,,,Enabled,Responsive search ad,Cabine photo de mariage,1,Cabine photo 360 pour mariage,,Souvenirs pour vos invités,,Préposé sur place,,Cabine photo dès 599 $,,Forfaits mariage dès 899 $,,Mariage Signature à 1 899 $,,"Livré, monté et démonté",,Soumission en moins de 24 h,,Plus de 1 000 événements,,"Note 4,8/5 – [N] avis Google",,Entrepôt à Sainte-Thérèse,,Été 2027 : dates limitées,,"Laval, Montréal et Rive-Nord",,Installation et démontage,,"Cabine photo ou 360 avec préposé, accessoires et galerie en ligne pour vos invités.",,"Livraison, installation et démontage par notre équipe. Vous profitez du moment.",,"Forfaits déco mariage à 899 $, 1 449 $ et 1 899 $ (Signature), ou sur mesure.",,"Plus de 1 000 événements et une note de 4,8/5 sur Google. Soumission en moins de 24 h.",,Mariage,Cabine-photo,https://evenox.ca/mariage/photobooth
SRCH | Mariage & privé haut de gamme | FR,,,,,,,,,,,,,,,Événement privé clé en main,,,,,Enabled,Responsive search ad,Fête privée clé en main,1,"Vos 40, 50 ou 60 ans",,Réception privée haut de gamme,,"Déco, mobilier et cabine photo",,Soirée chic à domicile,,Forfaits mariage dès 899 $,,Mariage Signature à 1 899 $,,"Livré, monté et démonté",,Soumission en moins de 24 h,,Plus de 1 000 événements,,"Note 4,8/5 – [N] avis Google",,Entrepôt à Sainte-Thérèse,,Été 2027 : dates limitées,,"Laval, Montréal et Rive-Nord",,Installation et démontage,,"Anniversaire 40, 50 ou 60 ans, réception à domicile : décor livré, monté et repris.",,"Livraison, installation et démontage par notre équipe. Vous profitez du moment.",,"Forfaits déco mariage à 899 $, 1 449 $ et 1 899 $ (Signature), ou sur mesure.",,"Plus de 1 000 événements et une note de 4,8/5 sur Google. Soumission en moins de 24 h.",,Événement,Privé,https://evenox.ca/evenement-prive
SRCH | Marque | FR,,,,,,,,,,,,,,,Evenox – Marque,,,,,Enabled,Responsive search ad,Évenox – Site officiel,1,Évenox | Location d'événement,,Évenox – Clé en main,,Forfaits corpo dès 1 195 $,,Forfaits mariage dès 899 $,,"Livré, monté et démonté",,Soumission en moins de 24 h,,Plus de 1 000 événements,,"Note 4,8/5 – [N] avis Google",,Entrepôt à Sainte-Thérèse,,"Clients : RBC, PwC, Desjardins",,Facturation net 30 jours,,"Laval, Montréal et Rive-Nord",,"Mobilier, déco et chapiteaux",,Cabine photo et jeux géants,,"Évenox : location d'équipement événementiel haut de gamme, livré et monté pour vous.",,"Corporatif, mariage ou réception privée : forfaits clé en main et soumission en 24 h.",,"Plus de 1 000 événements à Montréal, Laval et Rive-Nord. Note de 4,8/5 sur Google.",,"Mobilier, déco, chapiteaux, cabine photo et jeux géants. Installation et démontage.",,Location,Événements,https://evenox.ca/
SRCH | Corporatif | FR,,,,,,,,,,,,,,,,,,enfant,Campaign Negative Phrase,,,,,,,,,,,,,,,,,,,,,,,,,,,,,,,,,,,,,,,,,,,
SRCH | Corporatif | FR,,,,,,,,,,,,,,,,,,enfants,Campaign Negative Phrase,,,,,,,,,,,,,,,,,,,,,,,,,,,,,,,,,,,,,,,,,,,
SRCH | Corporatif | FR,,,,,,,,,,,,,,,,,,fête d'enfant,Campaign Negative Phrase,,,,,,,,,,,,,,,,,,,,,,,,,,,,,,,,,,,,,,,,,,,
SRCH | Corporatif | FR,,,,,,,,,,,,,,,,,,fete enfant,Campaign Negative Phrase,,,,,,,,,,,,,,,,,,,,,,,,,,,,,,,,,,,,,,,,,,,
SRCH | Corporatif | FR,,,,,,,,,,,,,,,,,,fête enfant,Campaign Negative Phrase,,,,,,,,,,,,,,,,,,,,,,,,,,,,,,,,,,,,,,,,,,,
SRCH | Corporatif | FR,,,,,,,,,,,,,,,,,,anniversaire enfant,Campaign Negative Phrase,,,,,,,,,,,,,,,,,,,,,,,,,,,,,,,,,,,,,,,,,,,
SRCH | Corporatif | FR,,,,,,,,,,,,,,,,,,anniversaire garçon,Campaign Negative Phrase,,,,,,,,,,,,,,,,,,,,,,,,,,,,,,,,,,,,,,,,,,,
SRCH | Corporatif | FR,,,,,,,,,,,,,,,,,,anniversaire fille,Campaign Negative Phrase,,,,,,,,,,,,,,,,,,,,,,,,,,,,,,,,,,,,,,,,,,,
SRCH | Corporatif | FR,,,,,,,,,,,,,,,,,,jeux gonflables enfants,Campaign Negative Phrase,,,,,,,,,,,,,,,,,,,,,,,,,,,,,,,,,,,,,,,,,,,
SRCH | Corporatif | FR,,,,,,,,,,,,,,,,,,jeux gonflables,Campaign Negative Phrase,,,,,,,,,,,,,,,,,,,,,,,,,,,,,,,,,,,,,,,,,,,
SRCH | Corporatif | FR,,,,,,,,,,,,,,,,,,jeu gonflable,Campaign Negative Phrase,,,,,,,,,,,,,,,,,,,,,,,,,,,,,,,,,,,,,,,,,,,
SRCH | Corporatif | FR,,,,,,,,,,,,,,,,,,château gonflable,Campaign Negative Phrase,,,,,,,,,,,,,,,,,,,,,,,,,,,,,,,,,,,,,,,,,,,
SRCH | Corporatif | FR,,,,,,,,,,,,,,,,,,chateau gonflable,Campaign Negative Phrase,,,,,,,,,,,,,,,,,,,,,,,,,,,,,,,,,,,,,,,,,,,
SRCH | Corporatif | FR,,,,,,,,,,,,,,,,,,structure gonflable,Campaign Negative Phrase,,,,,,,,,,,,,,,,,,,,,,,,,,,,,,,,,,,,,,,,,,,
SRCH | Corporatif | FR,,,,,,,,,,,,,,,,,,glissade gonflable,Campaign Negative Phrase,,,,,,,,,,,,,,,,,,,,,,,,,,,,,,,,,,,,,,,,,,,
SRCH | Corporatif | FR,,,,,,,,,,,,,,,,,,bébé,Campaign Negative Phrase,,,,,,,,,,,,,,,,,,,,,,,,,,,,,,,,,,,,,,,,,,,
SRCH | Corporatif | FR,,,,,,,,,,,,,,,,,,baby shower,Campaign Negative Phrase,,,,,,,,,,,,,,,,,,,,,,,,,,,,,,,,,,,,,,,,,,,
SRCH | Corporatif | FR,,,,,,,,,,,,,,,,,,dévoilement sexe,Campaign Negative Phrase,,,,,,,,,,,,,,,,,,,,,,,,,,,,,,,,,,,,,,,,,,,
SRCH | Corporatif | FR,,,,,,,,,,,,,,,,,,garderie,Campaign Negative Phrase,,,,,,,,,,,,,,,,,,,,,,,,,,,,,,,,,,,,,,,,,,,
SRCH | Corporatif | FR,,,,,,,,,,,,,,,,,,piñata,Campaign Negative Phrase,,,,,,,,,,,,,,,,,,,,,,,,,,,,,,,,,,,,,,,,,,,
SRCH | Corporatif | FR,,,,,,,,,,,,,,,,,,princesse,Campaign Negative Phrase,,,,,,,,,,,,,,,,,,,,,,,,,,,,,,,,,,,,,,,,,,,
SRCH | Corporatif | FR,,,,,,,,,,,,,,,,,,licorne,Campaign Negative Phrase,,,,,,,,,,,,,,,,,,,,,,,,,,,,,,,,,,,,,,,,,,,
SRCH | Corporatif | FR,,,,,,,,,,,,,,,,,,pat patrouille,Campaign Negative Phrase,,,,,,,,,,,,,,,,,,,,,,,,,,,,,,,,,,,,,,,,,,,
SRCH | Corporatif | FR,,,,,,,,,,,,,,,,,,spiderman,Campaign Negative Phrase,,,,,,,,,,,,,,,,,,,,,,,,,,,,,,,,,,,,,,,,,,,
SRCH | Corporatif | FR,,,,,,,,,,,,,,,,,,mickey,Campaign Negative Phrase,,,,,,,,,,,,,,,,,,,,,,,,,,,,,,,,,,,,,,,,,,,
SRCH | Corporatif | FR,,,,,,,,,,,,,,,,,,mariage,Campaign Negative Phrase,,,,,,,,,,,,,,,,,,,,,,,,,,,,,,,,,,,,,,,,,,,
SRCH | Corporatif | FR,,,,,,,,,,,,,,,,,,mariages,Campaign Negative Phrase,,,,,,,,,,,,,,,,,,,,,,,,,,,,,,,,,,,,,,,,,,,
SRCH | Corporatif | FR,,,,,,,,,,,,,,,,,,noces,Campaign Negative Phrase,,,,,,,,,,,,,,,,,,,,,,,,,,,,,,,,,,,,,,,,,,,
SRCH | Corporatif | FR,,,,,,,,,,,,,,,,,,fiançailles,Campaign Negative Phrase,,,,,,,,,,,,,,,,,,,,,,,,,,,,,,,,,,,,,,,,,,,
SRCH | Corporatif | FR,,,,,,,,,,,,,,,,,,shower,Campaign Negative Phrase,,,,,,,,,,,,,,,,,,,,,,,,,,,,,,,,,,,,,,,,,,,
SRCH | Mariage & privé haut de gamme | FR,,,,,,,,,,,,,,,,,,enfant,Campaign Negative Phrase,,,,,,,,,,,,,,,,,,,,,,,,,,,,,,,,,,,,,,,,,,,
SRCH | Mariage & privé haut de gamme | FR,,,,,,,,,,,,,,,,,,enfants,Campaign Negative Phrase,,,,,,,,,,,,,,,,,,,,,,,,,,,,,,,,,,,,,,,,,,,
SRCH | Mariage & privé haut de gamme | FR,,,,,,,,,,,,,,,,,,fête d'enfant,Campaign Negative Phrase,,,,,,,,,,,,,,,,,,,,,,,,,,,,,,,,,,,,,,,,,,,
SRCH | Mariage & privé haut de gamme | FR,,,,,,,,,,,,,,,,,,fete enfant,Campaign Negative Phrase,,,,,,,,,,,,,,,,,,,,,,,,,,,,,,,,,,,,,,,,,,,
SRCH | Mariage & privé haut de gamme | FR,,,,,,,,,,,,,,,,,,anniversaire enfant,Campaign Negative Phrase,,,,,,,,,,,,,,,,,,,,,,,,,,,,,,,,,,,,,,,,,,,
SRCH | Mariage & privé haut de gamme | FR,,,,,,,,,,,,,,,,,,jeux gonflables enfants,Campaign Negative Phrase,,,,,,,,,,,,,,,,,,,,,,,,,,,,,,,,,,,,,,,,,,,
SRCH | Mariage & privé haut de gamme | FR,,,,,,,,,,,,,,,,,,jeux gonflables,Campaign Negative Phrase,,,,,,,,,,,,,,,,,,,,,,,,,,,,,,,,,,,,,,,,,,,
SRCH | Mariage & privé haut de gamme | FR,,,,,,,,,,,,,,,,,,château gonflable,Campaign Negative Phrase,,,,,,,,,,,,,,,,,,,,,,,,,,,,,,,,,,,,,,,,,,,
SRCH | Mariage & privé haut de gamme | FR,,,,,,,,,,,,,,,,,,chateau gonflable,Campaign Negative Phrase,,,,,,,,,,,,,,,,,,,,,,,,,,,,,,,,,,,,,,,,,,,
SRCH | Mariage & privé haut de gamme | FR,,,,,,,,,,,,,,,,,,structure gonflable,Campaign Negative Phrase,,,,,,,,,,,,,,,,,,,,,,,,,,,,,,,,,,,,,,,,,,,
SRCH | Mariage & privé haut de gamme | FR,,,,,,,,,,,,,,,,,,glissade gonflable,Campaign Negative Phrase,,,,,,,,,,,,,,,,,,,,,,,,,,,,,,,,,,,,,,,,,,,
SRCH | Mariage & privé haut de gamme | FR,,,,,,,,,,,,,,,,,,princesse,Campaign Negative Phrase,,,,,,,,,,,,,,,,,,,,,,,,,,,,,,,,,,,,,,,,,,,
SRCH | Mariage & privé haut de gamme | FR,,,,,,,,,,,,,,,,,,licorne,Campaign Negative Phrase,,,,,,,,,,,,,,,,,,,,,,,,,,,,,,,,,,,,,,,,,,,
SRCH | Mariage & privé haut de gamme | FR,,,,,,,,,,,,,,,,,,pat patrouille,Campaign Negative Phrase,,,,,,,,,,,,,,,,,,,,,,,,,,,,,,,,,,,,,,,,,,,
SRCH | Mariage & privé haut de gamme | FR,,,,,,,,,,,,,,,,,,party de bureau,Campaign Negative Phrase,,,,,,,,,,,,,,,,,,,,,,,,,,,,,,,,,,,,,,,,,,,
SRCH | Mariage & privé haut de gamme | FR,,,,,,,,,,,,,,,,,,party des fêtes,Campaign Negative Phrase,,,,,,,,,,,,,,,,,,,,,,,,,,,,,,,,,,,,,,,,,,,
SRCH | Mariage & privé haut de gamme | FR,,,,,,,,,,,,,,,,,,fête de bureau,Campaign Negative Phrase,,,,,,,,,,,,,,,,,,,,,,,,,,,,,,,,,,,,,,,,,,,
SRCH | Mariage & privé haut de gamme | FR,,,,,,,,,,,,,,,,,,5 à 7,Campaign Negative Phrase,,,,,,,,,,,,,,,,,,,,,,,,,,,,,,,,,,,,,,,,,,,
SRCH | Mariage & privé haut de gamme | FR,,,,,,,,,,,,,,,,,,team building,Campaign Negative Phrase,,,,,,,,,,,,,,,,,,,,,,,,,,,,,,,,,,,,,,,,,,,
SRCH | Mariage & privé haut de gamme | FR,,,,,,,,,,,,,,,,,,corporatif,Campaign Negative Phrase,,,,,,,,,,,,,,,,,,,,,,,,,,,,,,,,,,,,,,,,,,,
SRCH | Mariage & privé haut de gamme | FR,,,,,,,,,,,,,,,,,,gala d'entreprise,Campaign Negative Phrase,,,,,,,,,,,,,,,,,,,,,,,,,,,,,,,,,,,,,,,,,,,
SRCH | Mariage & privé haut de gamme | FR,,,,,,,,,,,,,,,,,,robe de mariée,Campaign Negative Phrase,,,,,,,,,,,,,,,,,,,,,,,,,,,,,,,,,,,,,,,,,,,
SRCH | Mariage & privé haut de gamme | FR,,,,,,,,,,,,,,,,,,robe,Campaign Negative Phrase,,,,,,,,,,,,,,,,,,,,,,,,,,,,,,,,,,,,,,,,,,,
SRCH | Mariage & privé haut de gamme | FR,,,,,,,,,,,,,,,,,,bague,Campaign Negative Phrase,,,,,,,,,,,,,,,,,,,,,,,,,,,,,,,,,,,,,,,,,,,
SRCH | Mariage & privé haut de gamme | FR,,,,,,,,,,,,,,,,,,alliance,Campaign Negative Phrase,,,,,,,,,,,,,,,,,,,,,,,,,,,,,,,,,,,,,,,,,,,
SRCH | Mariage & privé haut de gamme | FR,,,,,,,,,,,,,,,,,,faire-part,Campaign Negative Phrase,,,,,,,,,,,,,,,,,,,,,,,,,,,,,,,,,,,,,,,,,,,
SRCH | Mariage & privé haut de gamme | FR,,,,,,,,,,,,,,,,,,officiant,Campaign Negative Phrase,,,,,,,,,,,,,,,,,,,,,,,,,,,,,,,,,,,,,,,,,,,
SRCH | Mariage & privé haut de gamme | FR,,,,,,,,,,,,,,,,,,gâteau,Campaign Negative Phrase,,,,,,,,,,,,,,,,,,,,,,,,,,,,,,,,,,,,,,,,,,,
SRCH | Mariage & privé haut de gamme | FR,,,,,,,,,,,,,,,,,,coiffure,Campaign Negative Phrase,,,,,,,,,,,,,,,,,,,,,,,,,,,,,,,,,,,,,,,,,,,
SRCH | Mariage & privé haut de gamme | FR,,,,,,,,,,,,,,,,,,maquillage,Campaign Negative Phrase,,,,,,,,,,,,,,,,,,,,,,,,,,,,,,,,,,,,,,,,,,,
SRCH | Mariage & privé haut de gamme | FR,,,,,,,,,,,,,,,,,,smoking,Campaign Negative Phrase,,,,,,,,,,,,,,,,,,,,,,,,,,,,,,,,,,,,,,,,,,,
SRCH | Mariage & privé haut de gamme | FR,,,,,,,,,,,,,,,,,,location habit,Campaign Negative Phrase,,,,,,,,,,,,,,,,,,,,,,,,,,,,,,,,,,,,,,,,,,,
SRCH | Mariage & privé haut de gamme | FR,,,,,,,,,,,,,,,,,,photographe,Campaign Negative Phrase,,,,,,,,,,,,,,,,,,,,,,,,,,,,,,,,,,,,,,,,,,,
SRCH | Mariage & privé haut de gamme | FR,,,,,,,,,,,,,,,,,,vidéaste,Campaign Negative Phrase,,,,,,,,,,,,,,,,,,,,,,,,,,,,,,,,,,,,,,,,,,,
SRCH | Mariage & privé haut de gamme | FR,,,,,,,,,,,,,,,,,,lune de miel,Campaign Negative Phrase,,,,,,,,,,,,,,,,,,,,,,,,,,,,,,,,,,,,,,,,,,,
SRCH | Corporatif | FR,,,,,,,,,,,,,,,,,,evenox,Campaign Negative Phrase,,,,,,,,,,,,,,,,,,,,,,,,,,,,,,,,,,,,,,,,,,,
SRCH | Corporatif | FR,,,,,,,,,,,,,,,,,,évenox,Campaign Negative Phrase,,,,,,,,,,,,,,,,,,,,,,,,,,,,,,,,,,,,,,,,,,,
SRCH | Corporatif | FR,,,,,,,,,,,,,,,,,,evenox.ca,Campaign Negative Phrase,,,,,,,,,,,,,,,,,,,,,,,,,,,,,,,,,,,,,,,,,,,
SRCH | Mariage & privé haut de gamme | FR,,,,,,,,,,,,,,,,,,evenox,Campaign Negative Phrase,,,,,,,,,,,,,,,,,,,,,,,,,,,,,,,,,,,,,,,,,,,
SRCH | Mariage & privé haut de gamme | FR,,,,,,,,,,,,,,,,,,évenox,Campaign Negative Phrase,,,,,,,,,,,,,,,,,,,,,,,,,,,,,,,,,,,,,,,,,,,
SRCH | Mariage & privé haut de gamme | FR,,,,,,,,,,,,,,,,,,evenox.ca,Campaign Negative Phrase,,,,,,,,,,,,,,,,,,,,,,,,,,,,,,,,,,,,,,,,,,,
SRCH | Marque | FR,,,,,,,,,,,,,,,,,,evenko,Campaign Negative Phrase,,,,,,,,,,,,,,,,,,,,,,,,,,,,,,,,,,,,,,,,,,,
SRCH | Marque | FR,,,,,,,,,,,,,,,,,,evenko billets,Campaign Negative Phrase,,,,,,,,,,,,,,,,,,,,,,,,,,,,,,,,,,,,,,,,,,,
SRCH | Marque | FR,,,,,,,,,,,,,,,,,,evenko spectacle,Campaign Negative Phrase,,,,,,,,,,,,,,,,,,,,,,,,,,,,,,,,,,,,,,,,,,,
SRCH | Marque | FR,,,,,,,,,,,,,,,,,,evenko emploi,Campaign Negative Phrase,,,,,,,,,,,,,,,,,,,,,,,,,,,,,,,,,,,,,,,,,,,
