Campaign,Ad Group,Keyword,Criterion Type,Status
SRCH | Corporatif | FR,Party des Fêtes / fête de bureau,party des fêtes entreprise,Phrase,Enabled
SRCH | Corporatif | FR,Party des Fêtes / fête de bureau,party des fêtes entreprise,Exact,Enabled
SRCH | Corporatif | FR,Party des Fêtes / fête de bureau,party de bureau,Phrase,Enabled
SRCH | Corporatif | FR,Party des Fêtes / fête de bureau,party de bureau,Exact,Enabled
SRCH | Corporatif | FR,Party des Fêtes / fête de bureau,party de noël entreprise,Phrase,Enabled
SRCH | Corporatif | FR,Party des Fêtes / fête de bureau,party de noël entreprise,Exact,Enabled
SRCH | Corporatif | FR,Party des Fêtes / fête de bureau,fête de bureau,Phrase,Enabled
SRCH | Corporatif | FR,Party des Fêtes / fête de bureau,fête de bureau,Exact,Enabled
SRCH | Corporatif | FR,Party des Fêtes / fête de bureau,party des fêtes clé en main,Phrase,Enabled
SRCH | Corporatif | FR,Party des Fêtes / fête de bureau,party des fêtes clé en main,Exact,Enabled
SRCH | Corporatif | FR,Party des Fêtes / fête de bureau,organisation party de bureau,Phrase,Enabled
SRCH | Corporatif | FR,Party des Fêtes / fête de bureau,organisation party de bureau,Exact,Enabled
SRCH | Corporatif | FR,Party des Fêtes / fête de bureau,location party de noël,Phrase,Enabled
SRCH | Corporatif | FR,Party des Fêtes / fête de bureau,location party de noël,Exact,Enabled
SRCH | Corporatif | FR,Party des Fêtes / fête de bureau,party de noël bureau laval,Phrase,Enabled
SRCH | Corporatif | FR,Party des Fêtes / fête de bureau,party de noël bureau laval,Exact,Enabled
SRCH | Corporatif | FR,Party des Fêtes / fête de bureau,party des fêtes montréal,Phrase,Enabled
SRCH | Corporatif | FR,Party des Fêtes / fête de bureau,party des fêtes montréal,Exact,Enabled
SRCH | Corporatif | FR,5 à 7 corporatif,5 à 7 corporatif,Phrase,Enabled
SRCH | Corporatif | FR,5 à 7 corporatif,5 à 7 corporatif,Exact,Enabled
SRCH | Corporatif | FR,5 à 7 corporatif,5 à 7 entreprise,Phrase,Enabled
SRCH | Corporatif | FR,5 à 7 corporatif,5 à 7 entreprise,Exact,Enabled
SRCH | Corporatif | FR,5 à 7 corporatif,organiser un 5 à 7,Phrase,Enabled
SRCH | Corporatif | FR,5 à 7 corporatif,organiser un 5 à 7,Exact,Enabled
SRCH | Corporatif | FR,5 à 7 corporatif,5 à 7 d'équipe,Phrase,Enabled
SRCH | Corporatif | FR,5 à 7 corporatif,5 à 7 d'équipe,Exact,Enabled
SRCH | Corporatif | FR,5 à 7 corporatif,location 5 à 7,Phrase,Enabled
SRCH | Corporatif | FR,5 à 7 corporatif,location 5 à 7,Exact,Enabled
SRCH | Corporatif | FR,5 à 7 corporatif,5 à 7 bureau,Phrase,Enabled
SRCH | Corporatif | FR,5 à 7 corporatif,5 à 7 bureau,Exact,Enabled
SRCH | Corporatif | FR,5 à 7 corporatif,cocktail d'entreprise,Phrase,Enabled
SRCH | Corporatif | FR,5 à 7 corporatif,cocktail d'entreprise,Exact,Enabled
SRCH | Corporatif | FR,5 à 7 corporatif,5 a 7 corporatif montréal,Phrase,Enabled
SRCH | Corporatif | FR,5 à 7 corporatif,5 a 7 corporatif montréal,Exact,Enabled
SRCH | Corporatif | FR,Gala & soirée d'entreprise,gala d'entreprise,Phrase,Enabled
SRCH | Corporatif | FR,Gala & soirée d'entreprise,gala d'entreprise,Exact,Enabled
SRCH | Corporatif | FR,Gala & soirée d'entreprise,soirée d'entreprise,Phrase,Enabled
SRCH | Corporatif | FR,Gala & soirée d'entreprise,soirée d'entreprise,Exact,Enabled
SRCH | Corporatif | FR,Gala & soirée d'entreprise,organisation gala corporatif,Phrase,Enabled
SRCH | Corporatif | FR,Gala & soirée d'entreprise,organisation gala corporatif,Exact,Enabled
SRCH | Corporatif | FR,Gala & soirée d'entreprise,location équipement gala,Phrase,Enabled
SRCH | Corporatif | FR,Gala & soirée d'entreprise,location équipement gala,Exact,Enabled
SRCH | Corporatif | FR,Gala & soirée d'entreprise,soirée corporative,Phrase,Enabled
SRCH | Corporatif | FR,Gala & soirée d'entreprise,soirée corporative,Exact,Enabled
SRCH | Corporatif | FR,Gala & soirée d'entreprise,gala reconnaissance employés,Phrase,Enabled
SRCH | Corporatif | FR,Gala & soirée d'entreprise,gala reconnaissance employés,Exact,Enabled
SRCH | Corporatif | FR,Gala & soirée d'entreprise,décor gala entreprise,Phrase,Enabled
SRCH | Corporatif | FR,Gala & soirée d'entreprise,décor gala entreprise,Exact,Enabled
SRCH | Corporatif | FR,Gala & soirée d'entreprise,soirée corporative laval,Phrase,Enabled
SRCH | Corporatif | FR,Gala & soirée d'entreprise,soirée corporative laval,Exact,Enabled
SRCH | Corporatif | FR,Gala & soirée d'entreprise,gala corporatif montréal,Phrase,Enabled
SRCH | Corporatif | FR,Gala & soirée d'entreprise,gala corporatif montréal,Exact,Enabled
SRCH | Corporatif | FR,Team building / jeux géants corporatif,team building,Phrase,Enabled
SRCH | Corporatif | FR,Team building / jeux géants corporatif,team building,Exact,Enabled
SRCH | Corporatif | FR,Team building / jeux géants corporatif,activité team building,Phrase,Enabled
SRCH | Corporatif | FR,Team building / jeux géants corporatif,activité team building,Exact,Enabled
SRCH | Corporatif | FR,Team building / jeux géants corporatif,jeux géants location,Phrase,Enabled
SRCH | Corporatif | FR,Team building / jeux géants corporatif,jeux géants location,Exact,Enabled
SRCH | Corporatif | FR,Team building / jeux géants corporatif,location jeux géants,Phrase,Enabled
SRCH | Corporatif | FR,Team building / jeux géants corporatif,location jeux géants,Exact,Enabled
SRCH | Corporatif | FR,Team building / jeux géants corporatif,activité consolidation d'équipe,Phrase,Enabled
SRCH | Corporatif | FR,Team building / jeux géants corporatif,activité consolidation d'équipe,Exact,Enabled
SRCH | Corporatif | FR,Team building / jeux géants corporatif,team building laval,Phrase,Enabled
SRCH | Corporatif | FR,Team building / jeux géants corporatif,team building laval,Exact,Enabled
SRCH | Corporatif | FR,Team building / jeux géants corporatif,team building montréal,Phrase,Enabled
SRCH | Corporatif | FR,Team building / jeux géants corporatif,team building montréal,Exact,Enabled
SRCH | Corporatif | FR,Team building / jeux géants corporatif,jeux géants corporatif,Phrase,Enabled
SRCH | Corporatif | FR,Team building / jeux géants corporatif,jeux géants corporatif,Exact,Enabled
SRCH | Corporatif | FR,Team building / jeux géants corporatif,activité d'équipe entreprise,Phrase,Enabled
SRCH | Corporatif | FR,Team building / jeux géants corporatif,activité d'équipe entreprise,Exact,Enabled
SRCH | Corporatif | FR,Photobooth 360 corporatif,photobooth 360,Phrase,Enabled
SRCH | Corporatif | FR,Photobooth 360 corporatif,photobooth 360,Exact,Enabled
SRCH | Corporatif | FR,Photobooth 360 corporatif,location photobooth 360,Phrase,Enabled
SRCH | Corporatif | FR,Photobooth 360 corporatif,location photobooth 360,Exact,Enabled
SRCH | Corporatif | FR,Photobooth 360 corporatif,photobooth entreprise,Phrase,Enabled
SRCH | Corporatif | FR,Photobooth 360 corporatif,photobooth entreprise,Exact,Enabled
SRCH | Corporatif | FR,Photobooth 360 corporatif,cabine photo 360,Phrase,Enabled
SRCH | Corporatif | FR,Photobooth 360 corporatif,cabine photo 360,Exact,Enabled
SRCH | Corporatif | FR,Photobooth 360 corporatif,location cabine photo,Phrase,Enabled
SRCH | Corporatif | FR,Photobooth 360 corporatif,location cabine photo,Exact,Enabled
SRCH | Corporatif | FR,Photobooth 360 corporatif,photobooth corporatif,Phrase,Enabled
SRCH | Corporatif | FR,Photobooth 360 corporatif,photobooth corporatif,Exact,Enabled
SRCH | Corporatif | FR,Photobooth 360 corporatif,photobooth 360 montréal,Phrase,Enabled
SRCH | Corporatif | FR,Photobooth 360 corporatif,photobooth 360 montréal,Exact,Enabled
SRCH | Corporatif | FR,Photobooth 360 corporatif,photobooth 360 laval,Phrase,Enabled
SRCH | Corporatif | FR,Photobooth 360 corporatif,photobooth 360 laval,Exact,Enabled
SRCH | Corporatif | FR,Photobooth 360 corporatif,cabine photo événement,Phrase,Enabled
SRCH | Corporatif | FR,Photobooth 360 corporatif,cabine photo événement,Exact,Enabled
SRCH | Corporatif | FR,Lancement / activation de marque,activation de marque,Phrase,Enabled
SRCH | Corporatif | FR,Lancement / activation de marque,activation de marque,Exact,Enabled
SRCH | Corporatif | FR,Lancement / activation de marque,lancement de produit événement,Phrase,Enabled
SRCH | Corporatif | FR,Lancement / activation de marque,lancement de produit événement,Exact,Enabled
SRCH | Corporatif | FR,Lancement / activation de marque,événement promotionnel,Phrase,Enabled
SRCH | Corporatif | FR,Lancement / activation de marque,événement promotionnel,Exact,Enabled
SRCH | Corporatif | FR,Lancement / activation de marque,location équipement événement corporatif,Phrase,Enabled
SRCH | Corporatif | FR,Lancement / activation de marque,location équipement événement corporatif,Exact,Enabled
SRCH | Corporatif | FR,Lancement / activation de marque,lancement d'entreprise,Phrase,Enabled
SRCH | Corporatif | FR,Lancement / activation de marque,lancement d'entreprise,Exact,Enabled
SRCH | Corporatif | FR,Lancement / activation de marque,kiosque événementiel,Phrase,Enabled
SRCH | Corporatif | FR,Lancement / activation de marque,kiosque événementiel,Exact,Enabled
SRCH | Corporatif | FR,Lancement / activation de marque,événement de lancement,Phrase,Enabled
SRCH | Corporatif | FR,Lancement / activation de marque,événement de lancement,Exact,Enabled
SRCH | Corporatif | FR,Lancement / activation de marque,activation marketing événement,Phrase,Enabled
SRCH | Corporatif | FR,Lancement / activation de marque,activation marketing événement,Exact,Enabled
SRCH | Corporatif | FR,Fournisseur événementiel clé en main,fournisseur événementiel,Phrase,Enabled
SRCH | Corporatif | FR,Fournisseur événementiel clé en main,fournisseur événementiel,Exact,Enabled
SRCH | Corporatif | FR,Fournisseur événementiel clé en main,location équipement événementiel,Phrase,Enabled
SRCH | Corporatif | FR,Fournisseur événementiel clé en main,location équipement événementiel,Exact,Enabled
SRCH | Corporatif | FR,Fournisseur événementiel clé en main,événement corporatif clé en main,Phrase,Enabled
SRCH | Corporatif | FR,Fournisseur événementiel clé en main,événement corporatif clé en main,Exact,Enabled
SRCH | Corporatif | FR,Fournisseur événementiel clé en main,location matériel événement,Phrase,Enabled
SRCH | Corporatif | FR,Fournisseur événementiel clé en main,location matériel événement,Exact,Enabled
SRCH | Corporatif | FR,Fournisseur événementiel clé en main,organisation événement corporatif,Phrase,Enabled
SRCH | Corporatif | FR,Fournisseur événementiel clé en main,organisation événement corporatif,Exact,Enabled
SRCH | Corporatif | FR,Fournisseur événementiel clé en main,location événementielle laval,Phrase,Enabled
SRCH | Corporatif | FR,Fournisseur événementiel clé en main,location événementielle laval,Exact,Enabled
SRCH | Corporatif | FR,Fournisseur événementiel clé en main,location événementielle rive-nord,Phrase,Enabled
SRCH | Corporatif | FR,Fournisseur événementiel clé en main,location événementielle rive-nord,Exact,Enabled
SRCH | Corporatif | FR,Fournisseur événementiel clé en main,location mobilier événement corporatif,Phrase,Enabled
SRCH | Corporatif | FR,Fournisseur événementiel clé en main,location mobilier événement corporatif,Exact,Enabled
SRCH | Corporatif | FR,Fournisseur événementiel clé en main,événement d'entreprise clé en main,Phrase,Enabled
SRCH | Corporatif | FR,Fournisseur événementiel clé en main,événement d'entreprise clé en main,Exact,Enabled
SRCH | Mariage & privé haut de gamme | FR,Location déco mariage,location déco mariage,Phrase,Enabled
SRCH | Mariage & privé haut de gamme | FR,Location déco mariage,location déco mariage,Exact,Enabled
SRCH | Mariage & privé haut de gamme | FR,Location déco mariage,location décoration mariage,Phrase,Enabled
SRCH | Mariage & privé haut de gamme | FR,Location déco mariage,location décoration mariage,Exact,Enabled
SRCH | Mariage & privé haut de gamme | FR,Location déco mariage,décoration mariage,Phrase,Enabled
SRCH | Mariage & privé haut de gamme | FR,Location déco mariage,décoration mariage,Exact,Enabled
SRCH | Mariage & privé haut de gamme | FR,Location déco mariage,déco mariage clé en main,Phrase,Enabled
SRCH | Mariage & privé haut de gamme | FR,Location déco mariage,déco mariage clé en main,Exact,Enabled
SRCH | Mariage & privé haut de gamme | FR,Location déco mariage,location décor mariage,Phrase,Enabled
SRCH | Mariage & privé haut de gamme | FR,Location déco mariage,location décor mariage,Exact,Enabled
SRCH | Mariage & privé haut de gamme | FR,Location déco mariage,décoration salle mariage,Phrase,Enabled
SRCH | Mariage & privé haut de gamme | FR,Location déco mariage,décoration salle mariage,Exact,Enabled
SRCH | Mariage & privé haut de gamme | FR,Location déco mariage,déco mariage laval,Phrase,Enabled
SRCH | Mariage & privé haut de gamme | FR,Location déco mariage,déco mariage laval,Exact,Enabled
SRCH | Mariage & privé haut de gamme | FR,Location déco mariage,décoration mariage rive-nord,Phrase,Enabled
SRCH | Mariage & privé haut de gamme | FR,Location déco mariage,décoration mariage rive-nord,Exact,Enabled
SRCH | Mariage & privé haut de gamme | FR,Location déco mariage,location déco mariage montréal,Phrase,Enabled
SRCH | Mariage & privé haut de gamme | FR,Location déco mariage,location déco mariage montréal,Exact,Enabled
SRCH | Mariage & privé haut de gamme | FR,Arche / lettres lumineuses,location arche mariage,Phrase,Enabled
SRCH | Mariage & privé haut de gamme | FR,Arche / lettres lumineuses,location arche mariage,Exact,Enabled
SRCH | Mariage & privé haut de gamme | FR,Arche / lettres lumineuses,arche de mariage,Phrase,Enabled
SRCH | Mariage & privé haut de gamme | FR,Arche / lettres lumineuses,arche de mariage,Exact,Enabled
SRCH | Mariage & privé haut de gamme | FR,Arche / lettres lumineuses,location lettres lumineuses,Phrase,Enabled
SRCH | Mariage & privé haut de gamme | FR,Arche / lettres lumineuses,location lettres lumineuses,Exact,Enabled
SRCH | Mariage & privé haut de gamme | FR,Arche / lettres lumineuses,lettres lumineuses géantes,Phrase,Enabled
SRCH | Mariage & privé haut de gamme | FR,Arche / lettres lumineuses,lettres lumineuses géantes,Exact,Enabled
SRCH | Mariage & privé haut de gamme | FR,Arche / lettres lumineuses,location lettres géantes,Phrase,Enabled
SRCH | Mariage & privé haut de gamme | FR,Arche / lettres lumineuses,location lettres géantes,Exact,Enabled
SRCH | Mariage & privé haut de gamme | FR,Arche / lettres lumineuses,arche florale location,Phrase,Enabled
SRCH | Mariage & privé haut de gamme | FR,Arche / lettres lumineuses,arche florale location,Exact,Enabled
SRCH | Mariage & privé haut de gamme | FR,Arche / lettres lumineuses,lettres lumineuses mariage,Phrase,Enabled
SRCH | Mariage & privé haut de gamme | FR,Arche / lettres lumineuses,lettres lumineuses mariage,Exact,Enabled
SRCH | Mariage & privé haut de gamme | FR,Arche / lettres lumineuses,lettres lumineuses laval,Phrase,Enabled
SRCH | Mariage & privé haut de gamme | FR,Arche / lettres lumineuses,lettres lumineuses laval,Exact,Enabled
SRCH | Mariage & privé haut de gamme | FR,Arche / lettres lumineuses,love lumineux location,Phrase,Enabled
SRCH | Mariage & privé haut de gamme | FR,Arche / lettres lumineuses,love lumineux location,Exact,Enabled
SRCH | Mariage & privé haut de gamme | FR,Chapiteau mariage,location chapiteau mariage,Phrase,Enabled
SRCH | Mariage & privé haut de gamme | FR,Chapiteau mariage,location chapiteau mariage,Exact,Enabled
SRCH | Mariage & privé haut de gamme | FR,Chapiteau mariage,chapiteau mariage,Phrase,Enabled
SRCH | Mariage & privé haut de gamme | FR,Chapiteau mariage,chapiteau mariage,Exact,Enabled
SRCH | Mariage & privé haut de gamme | FR,Chapiteau mariage,location chapiteau,Phrase,Enabled
SRCH | Mariage & privé haut de gamme | FR,Chapiteau mariage,location chapiteau,Exact,Enabled
SRCH | Mariage & privé haut de gamme | FR,Chapiteau mariage,location chapiteau laval,Phrase,Enabled
SRCH | Mariage & privé haut de gamme | FR,Chapiteau mariage,location chapiteau laval,Exact,Enabled
SRCH | Mariage & privé haut de gamme | FR,Chapiteau mariage,location tente mariage,Phrase,Enabled
SRCH | Mariage & privé haut de gamme | FR,Chapiteau mariage,location tente mariage,Exact,Enabled
SRCH | Mariage & privé haut de gamme | FR,Chapiteau mariage,chapiteau 20x40,Phrase,Enabled
SRCH | Mariage & privé haut de gamme | FR,Chapiteau mariage,chapiteau 20x40,Exact,Enabled
SRCH | Mariage & privé haut de gamme | FR,Chapiteau mariage,location chapiteau rive-nord,Phrase,Enabled
SRCH | Mariage & privé haut de gamme | FR,Chapiteau mariage,location chapiteau rive-nord,Exact,Enabled
SRCH | Mariage & privé haut de gamme | FR,Chapiteau mariage,location chapiteau montréal,Phrase,Enabled
SRCH | Mariage & privé haut de gamme | FR,Chapiteau mariage,location chapiteau montréal,Exact,Enabled
SRCH | Mariage & privé haut de gamme | FR,Chapiteau mariage,mariage extérieur chapiteau,Phrase,Enabled
SRCH | Mariage & privé haut de gamme | FR,Chapiteau mariage,mariage extérieur chapiteau,Exact,Enabled
SRCH | Mariage & privé haut de gamme | FR,Mobilier mariage,location mobilier mariage,Phrase,Enabled
SRCH | Mariage & privé haut de gamme | FR,Mobilier mariage,location mobilier mariage,Exact,Enabled
SRCH | Mariage & privé haut de gamme | FR,Mobilier mariage,location chaises mariage,Phrase,Enabled
SRCH | Mariage & privé haut de gamme | FR,Mobilier mariage,location chaises mariage,Exact,Enabled
SRCH | Mariage & privé haut de gamme | FR,Mobilier mariage,location tables mariage,Phrase,Enabled
SRCH | Mariage & privé haut de gamme | FR,Mobilier mariage,location tables mariage,Exact,Enabled
SRCH | Mariage & privé haut de gamme | FR,Mobilier mariage,chaises chiavari location,Phrase,Enabled
SRCH | Mariage & privé haut de gamme | FR,Mobilier mariage,chaises chiavari location,Exact,Enabled
SRCH | Mariage & privé haut de gamme | FR,Mobilier mariage,location chaise mariage laval,Phrase,Enabled
SRCH | Mariage & privé haut de gamme | FR,Mobilier mariage,location chaise mariage laval,Exact,Enabled
SRCH | Mariage & privé haut de gamme | FR,Mobilier mariage,location mobilier réception,Phrase,Enabled
SRCH | Mariage & privé haut de gamme | FR,Mobilier mariage,location mobilier réception,Exact,Enabled
SRCH | Mariage & privé haut de gamme | FR,Mobilier mariage,location mobilier lounge,Phrase,Enabled
SRCH | Mariage & privé haut de gamme | FR,Mobilier mariage,location mobilier lounge,Exact,Enabled
SRCH | Mariage & privé haut de gamme | FR,Mobilier mariage,location table et chaise mariage,Phrase,Enabled
SRCH | Mariage & privé haut de gamme | FR,Mobilier mariage,location table et chaise mariage,Exact,Enabled
SRCH | Mariage & privé haut de gamme | FR,Photobooth mariage,photobooth mariage,Phrase,Enabled
SRCH | Mariage & privé haut de gamme | FR,Photobooth mariage,photobooth mariage,Exact,Enabled
SRCH | Mariage & privé haut de gamme | FR,Photobooth mariage,location photobooth mariage,Phrase,Enabled
SRCH | Mariage & privé haut de gamme | FR,Photobooth mariage,location photobooth mariage,Exact,Enabled
SRCH | Mariage & privé haut de gamme | FR,Photobooth mariage,cabine photo mariage,Phrase,Enabled
SRCH | Mariage & privé haut de gamme | FR,Photobooth mariage,cabine photo mariage,Exact,Enabled
SRCH | Mariage & privé haut de gamme | FR,Photobooth mariage,photobooth 360 mariage,Phrase,Enabled
SRCH | Mariage & privé haut de gamme | FR,Photobooth mariage,photobooth 360 mariage,Exact,Enabled
SRCH | Mariage & privé haut de gamme | FR,Photobooth mariage,location cabine photo mariage,Phrase,Enabled
SRCH | Mariage & privé haut de gamme | FR,Photobooth mariage,location cabine photo mariage,Exact,Enabled
SRCH | Mariage & privé haut de gamme | FR,Photobooth mariage,photobooth mariage laval,Phrase,Enabled
SRCH | Mariage & privé haut de gamme | FR,Photobooth mariage,photobooth mariage laval,Exact,Enabled
SRCH | Mariage & privé haut de gamme | FR,Photobooth mariage,photobooth mariage montréal,Phrase,Enabled
SRCH | Mariage & privé haut de gamme | FR,Photobooth mariage,photobooth mariage montréal,Exact,Enabled
SRCH | Mariage & privé haut de gamme | FR,Photobooth mariage,borne photo mariage,Phrase,Enabled
SRCH | Mariage & privé haut de gamme | FR,Photobooth mariage,borne photo mariage,Exact,Enabled
SRCH | Mariage & privé haut de gamme | FR,Événement privé clé en main,anniversaire 50 ans,Phrase,Enabled
SRCH | Mariage & privé haut de gamme | FR,Événement privé clé en main,anniversaire 50 ans,Exact,Enabled
SRCH | Mariage & privé haut de gamme | FR,Événement privé clé en main,fête 40 ans adulte,Phrase,Enabled
SRCH | Mariage & privé haut de gamme | FR,Événement privé clé en main,fête 40 ans adulte,Exact,Enabled
SRCH | Mariage & privé haut de gamme | FR,Événement privé clé en main,organisation anniversaire 50 ans,Phrase,Enabled
SRCH | Mariage & privé haut de gamme | FR,Événement privé clé en main,organisation anniversaire 50 ans,Exact,Enabled
SRCH | Mariage & privé haut de gamme | FR,Événement privé clé en main,location déco anniversaire adulte,Phrase,Enabled
SRCH | Mariage & privé haut de gamme | FR,Événement privé clé en main,location déco anniversaire adulte,Exact,Enabled
SRCH | Mariage & privé haut de gamme | FR,Événement privé clé en main,événement privé clé en main,Phrase,Enabled
SRCH | Mariage & privé haut de gamme | FR,Événement privé clé en main,événement privé clé en main,Exact,Enabled
SRCH | Mariage & privé haut de gamme | FR,Événement privé clé en main,fête privée location équipement,Phrase,Enabled
SRCH | Mariage & privé haut de gamme | FR,Événement privé clé en main,fête privée location équipement,Exact,Enabled
SRCH | Mariage & privé haut de gamme | FR,Événement privé clé en main,anniversaire 60 ans organisation,Phrase,Enabled
SRCH | Mariage & privé haut de gamme | FR,Événement privé clé en main,anniversaire 60 ans organisation,Exact,Enabled
SRCH | Mariage & privé haut de gamme | FR,Événement privé clé en main,soirée privée location,Phrase,Enabled
SRCH | Mariage & privé haut de gamme | FR,Événement privé clé en main,soirée privée location,Exact,Enabled
SRCH | Mariage & privé haut de gamme | FR,Événement privé clé en main,fête 40 ans déco,Phrase,Enabled
SRCH | Mariage & privé haut de gamme | FR,Événement privé clé en main,fête 40 ans déco,Exact,Enabled
SRCH | Marque | FR,Evenox – Marque,evenox,Phrase,Enabled
SRCH | Marque | FR,Evenox – Marque,evenox,Exact,Enabled
SRCH | Marque | FR,Evenox – Marque,évenox,Phrase,Enabled
SRCH | Marque | FR,Evenox – Marque,évenox,Exact,Enabled
SRCH | Marque | FR,Evenox – Marque,evenox location,Phrase,Enabled
SRCH | Marque | FR,Evenox – Marque,evenox location,Exact,Enabled
SRCH | Marque | FR,Evenox – Marque,evenox.ca,Phrase,Enabled
SRCH | Marque | FR,Evenox – Marque,evenox.ca,Exact,Enabled
SRCH | Marque | FR,Evenox – Marque,location evenox,Phrase,Enabled
SRCH | Marque | FR,Evenox – Marque,location evenox,Exact,Enabled
SRCH | Marque | FR,Evenox – Marque,evenox sainte-thérèse,Phrase,Enabled
SRCH | Marque | FR,Evenox – Marque,evenox sainte-thérèse,Exact,Enabled
SRCH | Marque | FR,Evenox – Marque,evenox avis,Phrase,Enabled
SRCH | Marque | FR,Evenox – Marque,evenox avis,Exact,Enabled
