Shared Set Name,Shared Set Type,Keyword,Criterion Type
Evenox – Négatifs universels,Negative keywords,gratuit,Negative Phrase
Evenox – Négatifs universels,Negative keywords,gratuite,Negative Phrase
Evenox – Négatifs universels,Negative keywords,gratuitement,Negative Phrase
Evenox – Négatifs universels,Negative keywords,free,Negative Phrase
Evenox – Négatifs universels,Negative keywords,pas cher,Negative Phrase
Evenox – Négatifs universels,Negative keywords,pas chère,Negative Phrase
Evenox – Négatifs universels,Negative keywords,pas cher montréal,Negative Phrase
Evenox – Négatifs universels,Negative keywords,moins cher,Negative Phrase
Evenox – Négatifs universels,Negative keywords,le moins cher,Negative Phrase
Evenox – Négatifs universels,Negative keywords,bon marché,Negative Phrase
Evenox – Négatifs universels,Negative keywords,cheap,Negative Phrase
Evenox – Négatifs universels,Negative keywords,à rabais,Negative Phrase
Evenox – Négatifs universels,Negative keywords,liquidation,Negative Phrase
Evenox – Négatifs universels,Negative keywords,aubaine,Negative Phrase
Evenox – Négatifs universels,Negative keywords,prix de gros,Negative Phrase
Evenox – Négatifs universels,Negative keywords,en gros,Negative Phrase
Evenox – Négatifs universels,Negative keywords,wholesale,Negative Phrase
Evenox – Négatifs universels,Negative keywords,1 $,Negative Phrase
Evenox – Négatifs universels,Negative keywords,dollar,Negative Phrase
Evenox – Négatifs universels,Negative keywords,usagé,Negative Phrase
Evenox – Négatifs universels,Negative keywords,usagée,Negative Phrase
Evenox – Négatifs universels,Negative keywords,usagés,Negative Phrase
Evenox – Négatifs universels,Negative keywords,usagées,Negative Phrase
Evenox – Négatifs universels,Negative keywords,seconde main,Negative Phrase
Evenox – Négatifs universels,Negative keywords,d'occasion,Negative Phrase
Evenox – Négatifs universels,Negative keywords,à vendre,Negative Phrase
Evenox – Négatifs universels,Negative keywords,a vendre,Negative Phrase
Evenox – Négatifs universels,Negative keywords,vendre,Negative Phrase
Evenox – Négatifs universels,Negative keywords,vente,Negative Phrase
Evenox – Négatifs universels,Negative keywords,achat,Negative Phrase
Evenox – Négatifs universels,Negative keywords,acheter,Negative Phrase
Evenox – Négatifs universels,Negative keywords,achète,Negative Phrase
Evenox – Négatifs universels,Negative keywords,for sale,Negative Phrase
Evenox – Négatifs universels,Negative keywords,kijiji,Negative Phrase
Evenox – Négatifs universels,Negative keywords,marketplace,Negative Phrase
Evenox – Négatifs universels,Negative keywords,lespac,Negative Phrase
Evenox – Négatifs universels,Negative keywords,amazon,Negative Phrase
Evenox – Négatifs universels,Negative keywords,walmart,Negative Phrase
Evenox – Négatifs universels,Negative keywords,costco,Negative Phrase
Evenox – Négatifs universels,Negative keywords,dollarama,Negative Phrase
Evenox – Négatifs universels,Negative keywords,ikea,Negative Phrase
Evenox – Négatifs universels,Negative keywords,canadian tire,Negative Phrase
Evenox – Négatifs universels,Negative keywords,home depot,Negative Phrase
Evenox – Négatifs universels,Negative keywords,rona,Negative Phrase
Evenox – Négatifs universels,Negative keywords,party city,Negative Phrase
Evenox – Négatifs universels,Negative keywords,temu,Negative Phrase
Evenox – Négatifs universels,Negative keywords,aliexpress,Negative Phrase
Evenox – Négatifs universels,Negative keywords,magasin,Negative Phrase
Evenox – Négatifs universels,Negative keywords,emploi,Negative Phrase
Evenox – Négatifs universels,Negative keywords,emplois,Negative Phrase
Evenox – Négatifs universels,Negative keywords,job,Negative Phrase
Evenox – Négatifs universels,Negative keywords,jobs,Negative Phrase
Evenox – Négatifs universels,Negative keywords,carrière,Negative Phrase
Evenox – Négatifs universels,Negative keywords,carrières,Negative Phrase
Evenox – Négatifs universels,Negative keywords,embauche,Negative Phrase
Evenox – Négatifs universels,Negative keywords,salaire,Negative Phrase
Evenox – Négatifs universels,Negative keywords,stage,Negative Phrase
Evenox – Négatifs universels,Negative keywords,offre d'emploi,Negative Phrase
Evenox – Négatifs universels,Negative keywords,recrutement,Negative Phrase
Evenox – Négatifs universels,Negative keywords,indeed,Negative Phrase
Evenox – Négatifs universels,Negative keywords,jobillico,Negative Phrase
Evenox – Négatifs universels,Negative keywords,guichet emplois,Negative Phrase
Evenox – Négatifs universels,Negative keywords,bénévole,Negative Phrase
Evenox – Négatifs universels,Negative keywords,diy,Negative Phrase
Evenox – Négatifs universels,Negative keywords,fait maison,Negative Phrase
Evenox – Négatifs universels,Negative keywords,soi-même,Negative Phrase
Evenox – Négatifs universels,Negative keywords,soi même,Negative Phrase
Evenox – Négatifs universels,Negative keywords,tutoriel,Negative Phrase
Evenox – Négatifs universels,Negative keywords,tuto,Negative Phrase
Evenox – Négatifs universels,Negative keywords,comment fabriquer,Negative Phrase
Evenox – Négatifs universels,Negative keywords,bricolage,Negative Phrase
Evenox – Négatifs universels,Negative keywords,imprimable,Negative Phrase
Evenox – Négatifs universels,Negative keywords,gabarit,Negative Phrase
Evenox – Négatifs universels,Negative keywords,template,Negative Phrase
Evenox – Négatifs universels,Negative keywords,pdf,Negative Phrase
Evenox – Négatifs universels,Negative keywords,coloriage,Negative Phrase
Evenox – Négatifs universels,Negative keywords,clipart,Negative Phrase
Evenox – Négatifs universels,Negative keywords,png,Negative Phrase
Evenox – Négatifs universels,Negative keywords,image,Negative Phrase
Evenox – Négatifs universels,Negative keywords,images,Negative Phrase
Evenox – Négatifs universels,Negative keywords,wikipedia,Negative Phrase
Evenox – Négatifs universels,Negative keywords,définition,Negative Phrase
Evenox – Négatifs universels,Negative keywords,cours,Negative Phrase
Evenox – Négatifs universels,Negative keywords,formation,Negative Phrase
Evenox – Négatifs universels,Negative keywords,recette,Negative Phrase
Evenox – Négatifs universels,Negative keywords,poème,Negative Phrase
Evenox – Négatifs universels,Negative keywords,discours,Negative Phrase
Evenox – Négatifs universels,Negative keywords,texte,Negative Phrase
Evenox – Négatifs universels,Negative keywords,paroles,Negative Phrase
Evenox – Négatifs universels,Negative keywords,chanson,Negative Phrase
Evenox – Négatifs universels,Negative keywords,playlist,Negative Phrase
Evenox – Négatifs universels,Negative keywords,film,Negative Phrase
Evenox – Négatifs universels,Negative keywords,jeu vidéo,Negative Phrase
Evenox – Négatifs universels,Negative keywords,jeux vidéo,Negative Phrase
Evenox – Négatifs universels,Negative keywords,jeu en ligne,Negative Phrase
Evenox – Négatifs universels,Negative keywords,carte de souhait,Negative Phrase
Evenox – Négatifs universels,Negative keywords,invitation gratuite,Negative Phrase
Evenox – Négatifs universels,Negative keywords,evenko,Negative Phrase
Evenox – Négatifs universels,Negative keywords,billet,Negative Phrase
Evenox – Négatifs universels,Negative keywords,billets,Negative Phrase
Evenox – Négatifs universels,Negative keywords,billetterie,Negative Phrase
Evenox – Négatifs universels,Negative keywords,spectacle,Negative Phrase
Evenox – Négatifs universels,Negative keywords,spectacles,Negative Phrase
Evenox – Négatifs universels,Negative keywords,concert,Negative Phrase
Evenox – Négatifs universels,Negative keywords,concerts,Negative Phrase
Evenox – Négatifs universels,Negative keywords,festival,Negative Phrase
Evenox – Négatifs universels,Negative keywords,festivals,Negative Phrase
Evenox – Négatifs universels,Negative keywords,ticketmaster,Negative Phrase
Evenox – Négatifs universels,Negative keywords,admission,Negative Phrase
Evenox – Négatifs universels,Negative keywords,centre bell,Negative Phrase
Evenox – Négatifs universels,Negative keywords,osheaga,Negative Phrase
Evenox – Négatifs universels,Negative keywords,heavy montréal,Negative Phrase
Evenox – Négatifs universels,Negative keywords,île soniq,Negative Phrase
Evenox – Négatifs universels,Negative keywords,place bell,Negative Phrase
Evenox – Négatifs universels,Negative keywords,location voiture,Negative Phrase
Evenox – Négatifs universels,Negative keywords,location auto,Negative Phrase
Evenox – Négatifs universels,Negative keywords,location camion,Negative Phrase
Evenox – Négatifs universels,Negative keywords,location remorque,Negative Phrase
Evenox – Négatifs universels,Negative keywords,location appartement,Negative Phrase
Evenox – Négatifs universels,Negative keywords,location chalet,Negative Phrase
Evenox – Négatifs universels,Negative keywords,location maison,Negative Phrase
Evenox – Négatifs universels,Negative keywords,location outils,Negative Phrase
Evenox – Négatifs universels,Negative keywords,location de salle,Negative Phrase
Evenox – Négatifs universels,Negative keywords,salle à louer,Negative Phrase
Evenox – Négatifs universels,Negative keywords,location bateau,Negative Phrase
Evenox – Négatifs universels,Negative keywords,location vélo,Negative Phrase
Evenox – Négatifs universels,Negative keywords,abri tempo,Negative Phrase
Evenox – Négatifs universels,Negative keywords,tempo,Negative Phrase
Evenox – Négatifs universels,Negative keywords,abri d'auto,Negative Phrase
Evenox – Négatifs universels,Negative keywords,abri auto,Negative Phrase
Evenox – Négatifs universels,Negative keywords,tente de camping,Negative Phrase
Evenox – Négatifs universels,Negative keywords,tente camping,Negative Phrase
Evenox – Négatifs universels,Negative keywords,camping,Negative Phrase
Evenox – Négatifs universels,Negative keywords,gazebo à vendre,Negative Phrase
Evenox – Négatifs universels,Negative keywords,pop up,Negative Phrase
Evenox – Négatifs universels,Negative keywords,tente pop up,Negative Phrase
Evenox – Négatifs universels,Negative keywords,déguisement,Negative Phrase
Evenox – Négatifs universels,Negative keywords,costume,Negative Phrase
Evenox – Négatifs universels,Negative keywords,mascotte,Negative Phrase
Evenox – Négatifs universels,Negative keywords,piscine,Negative Phrase
Evenox – Négatifs universels,Negative keywords,sans fil,Negative Phrase
Evenox – Négatifs universels,Negative keywords,jouet,Negative Phrase
Evenox – Négatifs universels,Negative keywords,jouets,Negative Phrase
Evenox – Négatifs universels,Negative keywords,horoscope,Negative Phrase
Evenox – Négatifs universels,Negative keywords,prière,Negative Phrase
