Campaign,Ad Group,Keyword,Criterion Type
SRCH | Corporatif | FR,,enfant,Campaign Negative Phrase
SRCH | Corporatif | FR,,enfants,Campaign Negative Phrase
SRCH | Corporatif | FR,,fête d'enfant,Campaign Negative Phrase
SRCH | Corporatif | FR,,fete enfant,Campaign Negative Phrase
SRCH | Corporatif | FR,,fête enfant,Campaign Negative Phrase
SRCH | Corporatif | FR,,anniversaire enfant,Campaign Negative Phrase
SRCH | Corporatif | FR,,anniversaire garçon,Campaign Negative Phrase
SRCH | Corporatif | FR,,anniversaire fille,Campaign Negative Phrase
SRCH | Corporatif | FR,,jeux gonflables enfants,Campaign Negative Phrase
SRCH | Corporatif | FR,,jeux gonflables,Campaign Negative Phrase
SRCH | Corporatif | FR,,jeu gonflable,Campaign Negative Phrase
SRCH | Corporatif | FR,,château gonflable,Campaign Negative Phrase
SRCH | Corporatif | FR,,chateau gonflable,Campaign Negative Phrase
SRCH | Corporatif | FR,,structure gonflable,Campaign Negative Phrase
SRCH | Corporatif | FR,,glissade gonflable,Campaign Negative Phrase
SRCH | Corporatif | FR,,bébé,Campaign Negative Phrase
SRCH | Corporatif | FR,,baby shower,Campaign Negative Phrase
SRCH | Corporatif | FR,,dévoilement sexe,Campaign Negative Phrase
SRCH | Corporatif | FR,,garderie,Campaign Negative Phrase
SRCH | Corporatif | FR,,piñata,Campaign Negative Phrase
SRCH | Corporatif | FR,,princesse,Campaign Negative Phrase
SRCH | Corporatif | FR,,licorne,Campaign Negative Phrase
SRCH | Corporatif | FR,,pat patrouille,Campaign Negative Phrase
SRCH | Corporatif | FR,,spiderman,Campaign Negative Phrase
SRCH | Corporatif | FR,,mickey,Campaign Negative Phrase
SRCH | Corporatif | FR,,mariage,Campaign Negative Phrase
SRCH | Corporatif | FR,,mariages,Campaign Negative Phrase
SRCH | Corporatif | FR,,noces,Campaign Negative Phrase
SRCH | Corporatif | FR,,fiançailles,Campaign Negative Phrase
SRCH | Corporatif | FR,,shower,Campaign Negative Phrase
SRCH | Mariage & privé haut de gamme | FR,,enfant,Campaign Negative Phrase
SRCH | Mariage & privé haut de gamme | FR,,enfants,Campaign Negative Phrase
SRCH | Mariage & privé haut de gamme | FR,,fête d'enfant,Campaign Negative Phrase
SRCH | Mariage & privé haut de gamme | FR,,fete enfant,Campaign Negative Phrase
SRCH | Mariage & privé haut de gamme | FR,,anniversaire enfant,Campaign Negative Phrase
SRCH | Mariage & privé haut de gamme | FR,,jeux gonflables enfants,Campaign Negative Phrase
SRCH | Mariage & privé haut de gamme | FR,,jeux gonflables,Campaign Negative Phrase
SRCH | Mariage & privé haut de gamme | FR,,château gonflable,Campaign Negative Phrase
SRCH | Mariage & privé haut de gamme | FR,,chateau gonflable,Campaign Negative Phrase
SRCH | Mariage & privé haut de gamme | FR,,structure gonflable,Campaign Negative Phrase
SRCH | Mariage & privé haut de gamme | FR,,glissade gonflable,Campaign Negative Phrase
SRCH | Mariage & privé haut de gamme | FR,,princesse,Campaign Negative Phrase
SRCH | Mariage & privé haut de gamme | FR,,licorne,Campaign Negative Phrase
SRCH | Mariage & privé haut de gamme | FR,,pat patrouille,Campaign Negative Phrase
SRCH | Mariage & privé haut de gamme | FR,,party de bureau,Campaign Negative Phrase
SRCH | Mariage & privé haut de gamme | FR,,party des fêtes,Campaign Negative Phrase
SRCH | Mariage & privé haut de gamme | FR,,fête de bureau,Campaign Negative Phrase
SRCH | Mariage & privé haut de gamme | FR,,5 à 7,Campaign Negative Phrase
SRCH | Mariage & privé haut de gamme | FR,,team building,Campaign Negative Phrase
SRCH | Mariage & privé haut de gamme | FR,,corporatif,Campaign Negative Phrase
SRCH | Mariage & privé haut de gamme | FR,,gala d'entreprise,Campaign Negative Phrase
SRCH | Mariage & privé haut de gamme | FR,,robe de mariée,Campaign Negative Phrase
SRCH | Mariage & privé haut de gamme | FR,,robe,Campaign Negative Phrase
SRCH | Mariage & privé haut de gamme | FR,,bague,Campaign Negative Phrase
SRCH | Mariage & privé haut de gamme | FR,,alliance,Campaign Negative Phrase
SRCH | Mariage & privé haut de gamme | FR,,faire-part,Campaign Negative Phrase
SRCH | Mariage & privé haut de gamme | FR,,officiant,Campaign Negative Phrase
SRCH | Mariage & privé haut de gamme | FR,,gâteau,Campaign Negative Phrase
SRCH | Mariage & privé haut de gamme | FR,,coiffure,Campaign Negative Phrase
SRCH | Mariage & privé haut de gamme | FR,,maquillage,Campaign Negative Phrase
SRCH | Mariage & privé haut de gamme | FR,,smoking,Campaign Negative Phrase
SRCH | Mariage & privé haut de gamme | FR,,location habit,Campaign Negative Phrase
SRCH | Mariage & privé haut de gamme | FR,,photographe,Campaign Negative Phrase
SRCH | Mariage & privé haut de gamme | FR,,vidéaste,Campaign Negative Phrase
SRCH | Mariage & privé haut de gamme | FR,,lune de miel,Campaign Negative Phrase
SRCH | Corporatif | FR,,evenox,Campaign Negative Phrase
SRCH | Corporatif | FR,,évenox,Campaign Negative Phrase
SRCH | Corporatif | FR,,evenox.ca,Campaign Negative Phrase
SRCH | Mariage & privé haut de gamme | FR,,evenox,Campaign Negative Phrase
SRCH | Mariage & privé haut de gamme | FR,,évenox,Campaign Negative Phrase
SRCH | Mariage & privé haut de gamme | FR,,evenox.ca,Campaign Negative Phrase
SRCH | Marque | FR,,evenko,Campaign Negative Phrase
SRCH | Marque | FR,,evenko billets,Campaign Negative Phrase
SRCH | Marque | FR,,evenko spectacle,Campaign Negative Phrase
SRCH | Marque | FR,,evenko emploi,Campaign Negative Phrase
