Campaign,Ad Group,Ad type,Headline 1,Headline 2,Headline 3,Headline 4,Headline 5,Headline 6,Headline 7,Headline 8,Headline 9,Headline 10,Headline 11,Headline 12,Headline 13,Headline 14,Headline 15,Headline 1 position,Description 1,Description 2,Description 3,Description 4,Path 1,Path 2,Final URL,Status
SRCH | Corporatif | FR,Party des Fêtes / fête de bureau,Responsive search ad,Party des Fêtes clé en main,Votre party de bureau réglé,Fête de bureau sans stress,Réservez votre party des Fêtes,"Déco, jeux et cabine photo",Forfaits corpo dès 1 195 $,"Livré, monté et démonté",Soumission en moins de 24 h,Plus de 1 000 événements,"Note 4,8/5 – [N] avis Google","Clients : RBC, PwC, Desjardins",Facturation net 30 jours,Dates de décembre limitées,"Laval, Montréal et Rive-Nord","Clé en main, de A à Z",1,"Party des Fêtes livré, monté et démonté. Réservez tôt : décembre se remplit vite.","Mobilier, déco, cabine photo et jeux géants livrés, installés et démontés par nos soins.","Forfaits corporatifs à 1 195 $, 1 995 $ et 2 495 $. Facturation net 30 pour entreprises.","Plus de 1 000 événements réalisés à Montréal, Laval et Rive-Nord. Soumission en 24 h.",Corporatif,Party-des-Fêtes,https://evenox.ca/corporatif/party-des-fetes,Enabled
SRCH | Corporatif | FR,5 à 7 corporatif,Responsive search ad,5 à 7 corporatif clé en main,Forfait 5 à 7 à 1 195 $,Jeux géants en mini tournoi,Un 5 à 7 prêt en 1 appel,Ambiance festive livrée,Forfaits corpo dès 1 195 $,"Livré, monté et démonté",Soumission en moins de 24 h,Plus de 1 000 événements,"Note 4,8/5 – [N] avis Google","Clients : RBC, PwC, Desjardins",Facturation net 30 jours,Dates de décembre limitées,"Laval, Montréal et Rive-Nord","Clé en main, de A à Z",1,"Forfait 5 à 7 d'équipe à 1 195 $ : jeux géants et lettres lumineuses, installés par nous.","Mobilier, déco, cabine photo et jeux géants livrés, installés et démontés par nos soins.","Forfaits corporatifs à 1 195 $, 1 995 $ et 2 495 $. Facturation net 30 pour entreprises.","Plus de 1 000 événements réalisés à Montréal, Laval et Rive-Nord. Soumission en 24 h.",Corporatif,5-à-7,https://evenox.ca/corporatif/5-a-7,Enabled
SRCH | Corporatif | FR,Gala & soirée d'entreprise,Responsive search ad,Gala d'entreprise clé en main,Forfait Gala dès 2 495 $,Gala de 75 à 150 invités,Décor de gala haut de gamme,Cabine photo avec préposé,Forfaits corpo dès 1 195 $,"Livré, monté et démonté",Soumission en moins de 24 h,Plus de 1 000 événements,"Note 4,8/5 – [N] avis Google","Clients : RBC, PwC, Desjardins",Facturation net 30 jours,Dates de décembre limitées,"Laval, Montréal et Rive-Nord","Clé en main, de A à Z",1,"Forfait Gala Signature : décor, mobilier et cabine photo avec préposé, 75 à 150 invités.","Mobilier, déco, cabine photo et jeux géants livrés, installés et démontés par nos soins.","Forfaits corporatifs à 1 195 $, 1 995 $ et 2 495 $. Facturation net 30 pour entreprises.","Plus de 1 000 événements réalisés à Montréal, Laval et Rive-Nord. Soumission en 24 h.",Corporatif,Gala,https://evenox.ca/corporatif/gala,Enabled
SRCH | Corporatif | FR,Team building / jeux géants corporatif,Responsive search ad,Jeux géants pour entreprises,Consolidation d'équipe animée,Activité d'équipe clé en main,Activité d'équipe livrée,Jeux montés sur votre site,Forfaits corpo dès 1 195 $,"Livré, monté et démonté",Soumission en moins de 24 h,Plus de 1 000 événements,"Note 4,8/5 – [N] avis Google","Clients : RBC, PwC, Desjardins",Facturation net 30 jours,Dates de décembre limitées,"Laval, Montréal et Rive-Nord","Clé en main, de A à Z",1,"Jeux géants et activités d'équipe livrés et montés au bureau, au parc ou en salle.","Mobilier, déco, cabine photo et jeux géants livrés, installés et démontés par nos soins.","Forfaits corporatifs à 1 195 $, 1 995 $ et 2 495 $. Facturation net 30 pour entreprises.","Plus de 1 000 événements réalisés à Montréal, Laval et Rive-Nord. Soumission en 24 h.",Corporatif,Consolidation,https://evenox.ca/corporatif/team-building,Enabled
SRCH | Corporatif | FR,Photobooth 360 corporatif,Responsive search ad,Cabine photo 360 à louer,Cabine photo avec préposé,Vidéos 360 à votre image,Habillage à vos couleurs,Partage instantané des vidéos,Forfaits corpo dès 1 195 $,"Livré, monté et démonté",Soumission en moins de 24 h,Plus de 1 000 événements,"Note 4,8/5 – [N] avis Google","Clients : RBC, PwC, Desjardins",Facturation net 30 jours,Dates de décembre limitées,"Laval, Montréal et Rive-Nord","Clé en main, de A à Z",1,"Cabine photo 360 avec préposé, habillage à vos couleurs et partage instantané.","Mobilier, déco, cabine photo et jeux géants livrés, installés et démontés par nos soins.","Forfaits corporatifs à 1 195 $, 1 995 $ et 2 495 $. Facturation net 30 pour entreprises.","Plus de 1 000 événements réalisés à Montréal, Laval et Rive-Nord. Soumission en 24 h.",Corporatif,Cabine-360,https://evenox.ca/corporatif/photobooth-360,Enabled
SRCH | Corporatif | FR,Lancement / activation de marque,Responsive search ad,Activation de marque livrée,Lancement de produit réussi,Décor à vos couleurs,Kiosque et mobilier fournis,Cabine 360 à votre image,Forfaits corpo dès 1 195 $,"Livré, monté et démonté",Soumission en moins de 24 h,Plus de 1 000 événements,"Note 4,8/5 – [N] avis Google","Clients : RBC, PwC, Desjardins",Facturation net 30 jours,Dates de décembre limitées,"Laval, Montréal et Rive-Nord","Clé en main, de A à Z",1,"Lancement ou activation : décor de marque, mobilier, son et cabine 360 à votre image.","Mobilier, déco, cabine photo et jeux géants livrés, installés et démontés par nos soins.","Forfaits corporatifs à 1 195 $, 1 995 $ et 2 495 $. Facturation net 30 pour entreprises.","Plus de 1 000 événements réalisés à Montréal, Laval et Rive-Nord. Soumission en 24 h.",Corporatif,Activation,https://evenox.ca/corporatif/activation-de-marque,Enabled
SRCH | Corporatif | FR,Fournisseur événementiel clé en main,Responsive search ad,Fournisseur événementiel,Un fournisseur pour tout,"Mobilier, déco, son et jeux",Événements corporatifs,Équipe de montage dédiée,Forfaits corpo dès 1 195 $,"Livré, monté et démonté",Soumission en moins de 24 h,Plus de 1 000 événements,"Note 4,8/5 – [N] avis Google","Clients : RBC, PwC, Desjardins",Facturation net 30 jours,Dates de décembre limitées,"Laval, Montréal et Rive-Nord","Clé en main, de A à Z",1,"Un seul fournisseur pour le mobilier, la déco, le son, les chapiteaux et les jeux.","Mobilier, déco, cabine photo et jeux géants livrés, installés et démontés par nos soins.","Forfaits corporatifs à 1 195 $, 1 995 $ et 2 495 $. Facturation net 30 pour entreprises.","Plus de 1 000 événements réalisés à Montréal, Laval et Rive-Nord. Soumission en 24 h.",Corporatif,Clé-en-main,https://evenox.ca/corporatif,Enabled
SRCH | Mariage & privé haut de gamme | FR,Location déco mariage,Responsive search ad,Déco mariage clé en main,Décor de mariage haut de gamme,Votre salle transformée,Montage le jour même,Centres de table et éclairage,Forfaits mariage dès 899 $,Mariage Signature à 1 899 $,"Livré, monté et démonté",Soumission en moins de 24 h,Plus de 1 000 événements,"Note 4,8/5 – [N] avis Google",Entrepôt à Sainte-Thérèse,Été 2027 : dates limitées,"Laval, Montréal et Rive-Nord",Installation et démontage,1,"Arches, centres de table, éclairage et mobilier installés avant l'arrivée des invités.","Livraison, installation et démontage par notre équipe. Vous profitez du moment.","Forfaits déco mariage à 899 $, 1 449 $ et 1 899 $ (Signature), ou sur mesure.","Plus de 1 000 événements et une note de 4,8/5 sur Google. Soumission en moins de 24 h.",Mariage,Décoration,https://evenox.ca/mariage/decoration,Enabled
SRCH | Mariage & privé haut de gamme | FR,Arche / lettres lumineuses,Responsive search ad,Arches de mariage à louer,Lettres lumineuses géantes,Arche florale installée,Vos initiales en lumière,Décor photo spectaculaire,Forfaits mariage dès 899 $,Mariage Signature à 1 899 $,"Livré, monté et démonté",Soumission en moins de 24 h,Plus de 1 000 événements,"Note 4,8/5 – [N] avis Google",Entrepôt à Sainte-Thérèse,Été 2027 : dates limitées,"Laval, Montréal et Rive-Nord",Installation et démontage,1,"Arche florale et lettres lumineuses géantes livrées, installées et reprises par nous.","Livraison, installation et démontage par notre équipe. Vous profitez du moment.","Forfaits déco mariage à 899 $, 1 449 $ et 1 899 $ (Signature), ou sur mesure.","Plus de 1 000 événements et une note de 4,8/5 sur Google. Soumission en moins de 24 h.",Mariage,Arche-Lettres,https://evenox.ca/mariage/arche-lettres-lumineuses,Enabled
SRCH | Mariage & privé haut de gamme | FR,Chapiteau mariage,Responsive search ad,Chapiteaux de mariage à louer,Chapiteau monté et démonté,Mariage extérieur serein,Chapiteau et éclairage fournis,Montage par nos équipes,Forfaits mariage dès 899 $,Mariage Signature à 1 899 $,"Livré, monté et démonté",Soumission en moins de 24 h,Plus de 1 000 événements,"Note 4,8/5 – [N] avis Google",Entrepôt à Sainte-Thérèse,Été 2027 : dates limitées,"Laval, Montréal et Rive-Nord",Installation et démontage,1,"Chapiteau, éclairage et mobilier montés par notre équipe pour votre mariage extérieur.","Livraison, installation et démontage par notre équipe. Vous profitez du moment.","Forfaits déco mariage à 899 $, 1 449 $ et 1 899 $ (Signature), ou sur mesure.","Plus de 1 000 événements et une note de 4,8/5 sur Google. Soumission en moins de 24 h.",Mariage,Chapiteau,https://evenox.ca/mariage/chapiteau,Enabled
SRCH | Mariage & privé haut de gamme | FR,Mobilier mariage,Responsive search ad,Mobilier de mariage à louer,Chaises Chiavari et salons,Tables et nappes assorties,Mobilier livré et placé,Coin salon pour vos invités,Forfaits mariage dès 899 $,Mariage Signature à 1 899 $,"Livré, monté et démonté",Soumission en moins de 24 h,Plus de 1 000 événements,"Note 4,8/5 – [N] avis Google",Entrepôt à Sainte-Thérèse,Été 2027 : dates limitées,"Laval, Montréal et Rive-Nord",Installation et démontage,1,"Chaises Chiavari, tables et coins salon livrés, placés selon votre plan et repris.","Livraison, installation et démontage par notre équipe. Vous profitez du moment.","Forfaits déco mariage à 899 $, 1 449 $ et 1 899 $ (Signature), ou sur mesure.","Plus de 1 000 événements et une note de 4,8/5 sur Google. Soumission en moins de 24 h.",Mariage,Mobilier,https://evenox.ca/mariage/mobilier,Enabled
SRCH | Mariage & privé haut de gamme | FR,Photobooth mariage,Responsive search ad,Cabine photo de mariage,Cabine photo 360 pour mariage,Souvenirs pour vos invités,Préposé sur place,Cabine photo dès 599 $,Forfaits mariage dès 899 $,Mariage Signature à 1 899 $,"Livré, monté et démonté",Soumission en moins de 24 h,Plus de 1 000 événements,"Note 4,8/5 – [N] avis Google",Entrepôt à Sainte-Thérèse,Été 2027 : dates limitées,"Laval, Montréal et Rive-Nord",Installation et démontage,1,"Cabine photo ou 360 avec préposé, accessoires et galerie en ligne pour vos invités.","Livraison, installation et démontage par notre équipe. Vous profitez du moment.","Forfaits déco mariage à 899 $, 1 449 $ et 1 899 $ (Signature), ou sur mesure.","Plus de 1 000 événements et une note de 4,8/5 sur Google. Soumission en moins de 24 h.",Mariage,Cabine-photo,https://evenox.ca/mariage/photobooth,Enabled
SRCH | Mariage & privé haut de gamme | FR,Événement privé clé en main,Responsive search ad,Fête privée clé en main,"Vos 40, 50 ou 60 ans",Réception privée haut de gamme,"Déco, mobilier et cabine photo",Soirée chic à domicile,Forfaits mariage dès 899 $,Mariage Signature à 1 899 $,"Livré, monté et démonté",Soumission en moins de 24 h,Plus de 1 000 événements,"Note 4,8/5 – [N] avis Google",Entrepôt à Sainte-Thérèse,Été 2027 : dates limitées,"Laval, Montréal et Rive-Nord",Installation et démontage,1,"Anniversaire 40, 50 ou 60 ans, réception à domicile : décor livré, monté et repris.","Livraison, installation et démontage par notre équipe. Vous profitez du moment.","Forfaits déco mariage à 899 $, 1 449 $ et 1 899 $ (Signature), ou sur mesure.","Plus de 1 000 événements et une note de 4,8/5 sur Google. Soumission en moins de 24 h.",Événement,Privé,https://evenox.ca/evenement-prive,Enabled
SRCH | Marque | FR,Evenox – Marque,Responsive search ad,Evenox – Site officiel,Evenox | Location d'événement,Evenox – Clé en main,Forfaits corpo dès 1 195 $,Forfaits mariage dès 899 $,"Livré, monté et démonté",Soumission en moins de 24 h,Plus de 1 000 événements,"Note 4,8/5 – [N] avis Google",Entrepôt à Sainte-Thérèse,"Clients : RBC, PwC, Desjardins",Facturation net 30 jours,"Laval, Montréal et Rive-Nord","Mobilier, déco et chapiteaux",Cabine photo et jeux géants,1,"Evenox : location d'équipement événementiel haut de gamme, livré et monté pour vous.","Corporatif, mariage ou réception privée : forfaits clé en main et soumission en 24 h.","Plus de 1 000 événements à Montréal, Laval et Rive-Nord. Note de 4,8/5 sur Google.","Mobilier, déco, chapiteaux, cabine photo et jeux géants. Installation et démontage.",Location,Événements,https://evenox.ca/,Enabled
