Campaign,Ad Group,Headline1,Headline2,Headline3,Headline4,Headline5,Headline6,Description1,Description2,Final URL,Path1,Path2
Mobilier Search,Express 72h,Tables & chaises Express 72h,Dès 90 $ — prix fixe,Ste-Thérèse · Laval · Terrebonne,Sans soumission — c'est affiché,Réservation rapide Évenox,Note 4.8/5 sur Google,Besoin de chaises en 72 h ? Forfaits 20 50 ou 100 places à prix fixe. Zone limitée.,Paiement à la réservation. Service local Évenox. Appelez ou réservez en ligne.,https://evenox.ca/,express,72h
Mobilier Search,Chaises Laval,Location de chaises à Laval,Chiavari pliantes Martha,Prix en ligne · livraison dispo,Réservation 24/7,Évenox Rive-Nord & Laval,Livraison dès 100 $,Louez vos chaises à Laval. Prix affichés en ligne. Livraison disponible.,Évenox — près de 1000 clients · 4.8/5 Google. Réservez ou appelez.,https://evenox.ca/location-chaises-laval/,chaises,Laval
Mobilier Search,Chaises Sainte-Therese,Location chaises Sainte-Thérèse,Prix en ligne 24/7,Cueillette ou livraison,Évenox local,Chaises pliantes & plus,Réservez vite,Louez vos chaises à Sainte-Thérèse. Prix clairs. Service local.,Appelez le 514-559-1893 ou réservez en ligne.,https://evenox.ca/location-chaises-sainte-therese/,chaises,Ste-Therese
Mobilier Search,Tables chaises location,Location tables et chaises,Prix en ligne,Livraison disponible,Évenox Rive-Nord,Réservation 24/7,Service clé en main option,Location de tables et chaises — prix en ligne. Livraison disponible sur la Rive-Nord Laval Montréal.,Demandez votre prix ou réservez. 514-559-1893.,https://evenox.ca/location-tables-chaises/,tables,chaises
Mobilier Search,Mobilier cle en main,Forfaits tables & chaises,Dès 649 $ livré placé,Nappes incluses,Un prix clair,Ramassage inclus,Évenox entreprises & villes,Forfait mobilier livré placé ramassé. Nappes incluses. Prix dès 649 $.,Idéal réception assemblée gala jusqu'à 100 places.,https://evenox.ca/forfaits-tables-chaises/,forfaits,mobilier
Jeux Search,Gonflables hub,Location jeux gonflables,Dès 100 $,Montage & désinfection,Laval & Rive-Nord,Réserve en ligne,Évenox,Location de jeux gonflables dès 100 $. Montage et désinfection. Laval Rive-Nord Montréal.,Réservez votre date en ligne ou appelez.,https://evenox.ca/location-jeux-gonflables/,jeux,gonflables
Jeux Search,Gonflables Laval,Jeux gonflables Laval,Location dès 100 $,Livraison Laval,Montage dispo,Évenox,Réservation 24/7,Location de jeux gonflables à Laval pour fêtes d'enfants et événements.,Prix dès 100 $. Réservez en ligne.,https://evenox.ca/location-jeux-gonflables-laval/,jeux,Laval
Jeux Search,Forfait cle en main,Forfaits fête d'enfants,Dès 499 $ tout inclus,Livré chez toi,Gonflables + jeux,Évenox clé en main,Gourmandises option,Forfaits fête d'enfants tout inclus dès 499 $. Livré et installé sur la Rive-Nord Laval Montréal.,Un seul fournisseur. Réservez votre date.,https://evenox.ca/forfaits-fete-enfants/,forfaits,enfants
Photobooth Search,Photobooth location,Location photobooth,Dès 599 $,Laval · Montréal · Rive-Nord,Photos & partage,Évenox,Réserve ta date,Louez un photobooth professionnel dès 599 $. Laval Montréal Rive-Nord.,Appelez ou demandez une soumission en ligne.,https://evenox.ca/photobooth/,photobooth,location
Photobooth Search,Photobooth Laval,Photobooth Laval dès 599 $,Location & vidéobooth 360,Livraison Laval,Évenox,Animateur disponible,Réservation rapide,Location photobooth et vidéobooth 360 à Laval. Dès 599 $.,Bloquez votre date — une soirée par unité.,https://evenox.ca/location-photobooth-laval/,photobooth,Laval
Photobooth Search,Videobooth 360,Vidéobooth 360,Dès 799 $,Animateur inclus,Clips sur le téléphone,Dates limitées,Évenox,Location vidéobooth 360 avec animateur. Clips ralenti partageables instantanément.,Rive-Nord Laval Montréal. Réservez tôt.,https://evenox.ca/location-videobooth-360/,videobooth,360
Photobooth Search,Forfait cle en main,Forfaits photobooth,Dès 599 $ clé en main,Animateur + install inclus,Classique ou 360,Réserve ta date,Évenox,Forfaits photobooth et 360 avec animateur installation et partage. Dès 599 $.,Une date par soir — réservez maintenant.,https://evenox.ca/forfaits-photobooth/,forfaits,photobooth
Corpo Search,5 a 7 party bureau,Forfait 5 à 7 d'équipe,Dès 1195 $ clé en main,Party de bureau 1995 $,Un fournisseur,Facture conforme,Évenox corporatif,Animation 5 à 7 ou party de bureau clé en main. Jeux lettres décor. Laval Rive-Nord Montréal.,Facturation entreprise. Demandez votre soumission.,https://evenox.ca/forfaits-corporatif/,corpo,5a7
Corpo Search,Noel gala,Party Noël entreprise,Forfait dès 1995 $,Gala Signature 2495 $,Clé en main,Évenox,Dates weekends limitées,Party de Noël entreprise ou gala clé en main. Photobooth décor jeux.,Réservez avant que les weekends partent.,https://evenox.ca/forfait-party-de-noel-entreprise/,corpo,noel
